1,0,0,0,0,0,0,0,0,0,0,0,0,0,0
1,6,12,3,4,1,67,2,1,2,0,0,0,0,0
2,48,60,2,2,1,22,1,1,1,0,0,0,0,1
4,12,21,3,3,1,49,1,2,1,0,0,0,0,0
1,42,79,3,4,2,45,1,2,1,0,0,0,0,0
1,24,49,3,4,4,53,2,2,1,1,0,0,0,1
4,36,91,3,4,4,35,1,2,2,0,0,0,0,0
4,24,28,3,4,2,53,1,1,1,0,0,0,0,0
2,36,69,3,2,3,35,1,1,2,0,1,0,1,0
4,12,31,1,4,1,61,1,1,1,0,0,0,0,0
2,30,52,4,2,3,28,2,1,1,1,0,0,0,1
2,12,13,2,1,3,25,1,1,1,1,0,0,1,1
1,48,43,2,4,2,24,1,1,1,0,0,0,1,1
2,12,16,2,1,3,22,1,1,2,0,0,0,0,0
1,24,12,3,4,3,60,2,1,1,1,0,0,0,1
1,15,14,2,4,3,28,1,1,1,1,0,0,1,0
1,24,13,2,2,3,32,1,1,1,0,0,0,0,1
4,24,24,3,4,2,53,2,1,1,0,0,0,0,0
1,30,81,3,3,3,25,3,1,1,0,0,0,0,0
2,24,126,2,2,4,44,1,1,2,0,1,0,0,1
4,24,34,3,2,3,31,1,2,2,0,0,0,0,0
4,9,21,3,4,3,48,3,1,2,1,0,0,0,0
1,6,26,3,3,1,44,1,2,1,0,0,0,1,0
1,10,22,3,3,1,48,2,2,1,1,0,0,1,0
2,12,18,3,4,2,44,1,1,1,0,1,0,0,0
4,10,21,4,1,3,26,2,1,1,0,0,0,0,0
1,6,14,3,2,1,36,1,1,2,0,0,0,0,0
4,6,4,4,4,3,39,1,1,1,0,0,0,0,0
3,12,4,2,3,1,42,2,1,1,0,0,0,1,0
2,7,24,3,2,1,34,1,1,1,0,0,0,0,0
1,60,68,3,4,4,63,2,1,2,0,0,0,0,1
2,18,19,4,3,1,36,1,1,2,0,0,0,0,0
1,24,40,3,2,3,27,1,1,1,0,0,0,0,0
2,18,59,3,2,3,30,2,1,2,1,0,0,0,0
4,12,13,3,4,4,57,1,1,1,0,0,0,1,0
3,12,15,2,1,2,33,1,1,2,0,0,0,0,0
2,45,47,3,2,2,25,2,1,1,0,0,0,0,1
4,48,61,3,3,4,31,1,1,2,0,0,0,0,0
3,18,21,3,2,1,37,1,1,1,0,0,1,0,1
3,10,12,3,2,3,37,1,1,2,0,0,0,0,0
2,9,5,3,3,1,24,1,1,1,0,0,0,0,0
4,30,23,3,2,3,30,1,1,1,0,0,0,0,0
2,12,12,1,1,3,26,1,1,2,0,0,0,0,0
2,18,62,3,4,1,44,1,2,2,0,0,0,0,0
1,30,62,4,4,3,24,2,1,1,0,1,0,1,0
1,48,61,2,4,4,58,2,1,1,0,1,0,0,1
4,11,14,2,4,3,35,2,1,1,1,0,0,0,0
4,36,23,3,4,3,39,1,1,1,0,0,0,0,0
1,6,14,2,2,2,23,1,1,2,0,1,0,1,0
4,11,72,3,4,2,39,2,1,1,1,0,0,0,0
4,12,21,2,2,1,28,1,1,1,0,0,1,0,0
2,24,23,3,2,2,29,1,1,1,0,0,0,0,0
2,27,60,3,2,3,30,2,1,2,0,1,0,0,0
4,12,13,3,2,3,25,1,1,1,0,0,0,0,0
4,18,34,3,1,2,31,1,1,2,0,1,0,0,0
2,36,22,3,4,4,57,2,1,2,1,0,0,0,1
4,6,8,3,2,1,26,1,2,1,1,0,0,0,0
2,12,65,3,1,4,52,1,1,2,0,0,0,0,1
4,36,96,2,2,3,31,2,1,1,0,0,0,0,0
3,18,20,2,2,3,23,1,1,1,1,0,0,0,0
1,36,62,2,4,4,23,2,1,2,0,0,1,1,1
2,9,14,4,1,1,27,1,1,2,0,0,0,0,0
2,15,15,3,4,1,50,2,1,2,0,0,0,0,0
2,36,20,3,4,4,61,1,1,2,0,0,0,0,1
2,48,144,3,2,3,25,1,1,2,0,0,0,0,1
4,24,32,2,4,2,26,1,1,2,0,0,0,0,0
4,27,52,3,4,2,48,4,2,2,0,0,0,0,0
4,12,22,2,2,3,29,1,1,1,0,0,0,0,0
2,12,10,4,1,1,22,1,1,1,1,0,0,0,0
4,36,18,3,4,4,37,1,1,2,0,0,0,0,1
4,36,24,2,4,3,25,1,1,1,0,0,0,0,0
4,36,81,2,2,2,30,1,1,1,0,1,0,0,0
4,7,7,3,2,2,46,2,1,2,0,0,0,1,0
1,8,12,3,4,4,51,2,2,2,0,0,0,0,0
2,42,60,2,1,1,41,2,1,1,0,0,0,0,0
1,36,20,3,4,4,40,1,1,2,0,0,0,0,1
1,12,15,3,4,4,66,2,1,1,0,1,0,0,0
1,42,40,3,3,3,34,1,1,1,0,0,0,0,1
2,11,48,3,4,2,51,1,1,1,0,0,0,0,0
4,54,94,3,2,2,39,1,2,1,0,1,0,0,0
2,30,38,4,1,2,22,1,1,1,0,0,0,0,0
4,24,59,2,1,3,44,2,1,2,0,0,0,0,1
4,15,12,3,3,2,47,1,1,2,0,0,0,0,0
4,18,16,2,4,2,24,1,1,1,0,0,0,1,0
1,24,18,2,4,1,58,1,1,2,0,0,0,0,0
1,10,23,3,4,1,52,1,1,1,0,0,0,0,0
4,12,14,2,2,1,29,2,1,2,0,0,0,0,0
2,18,13,2,1,2,27,2,1,1,0,0,0,0,0
2,36,126,3,4,4,47,1,2,2,0,0,0,0,1
1,18,22,3,3,3,30,1,2,2,1,0,0,0,0
1,12,11,3,3,1,28,2,1,1,0,0,0,0,1
4,12,6,3,4,1,56,1,1,1,0,0,0,0,0
1,12,14,3,3,1,54,1,1,1,0,1,0,0,0
4,12,8,2,3,2,33,1,2,1,0,0,0,0,1
3,24,36,3,4,4,20,2,1,1,0,0,1,1,0
2,12,13,3,4,1,54,1,1,2,1,0,0,0,0
2,54,159,3,4,4,58,1,1,2,0,0,0,1,1
4,12,20,2,2,3,61,1,1,1,0,0,0,0,0
2,18,26,3,4,3,34,1,1,1,0,0,0,0,0
2,36,23,3,4,1,36,1,1,1,0,0,0,0,0
2,20,71,3,4,2,36,2,2,2,0,1,0,1,0
4,24,15,4,4,1,41,1,1,1,1,0,0,1,0
2,36,23,3,4,3,24,1,1,1,0,0,0,1,0
4,6,9,2,2,1,24,1,1,1,0,0,0,0,0
2,9,19,3,3,3,35,1,1,2,0,0,0,1,0
4,12,24,4,4,3,26,1,1,2,0,1,0,1,0
2,24,119,3,3,3,39,2,2,2,0,0,1,0,1
4,18,65,3,4,4,39,2,2,2,1,0,0,0,1
2,12,61,3,2,3,32,1,1,1,1,0,0,0,0
1,24,77,2,2,2,30,1,1,2,0,0,0,0,0
2,14,14,4,2,1,35,1,1,2,0,0,0,0,0
2,6,14,1,2,3,31,2,2,1,0,0,0,0,0
3,15,4,2,4,2,23,1,1,2,0,0,0,1,0
2,18,63,3,3,1,28,1,1,1,1,0,0,1,0
4,36,79,2,2,1,25,2,1,2,1,0,0,0,1
1,12,17,4,1,1,35,1,1,1,0,0,0,0,0
4,48,36,3,1,1,47,1,1,2,0,0,0,0,0
1,42,72,2,3,3,30,1,1,2,0,0,0,0,1
1,10,21,2,3,1,27,2,1,1,0,0,1,1,0
1,33,43,2,4,3,23,2,1,1,0,0,0,0,1
2,12,24,1,3,3,36,1,1,2,1,0,0,0,0
1,21,18,2,2,1,25,2,1,2,0,0,0,0,1
4,24,39,2,2,3,41,2,1,2,0,1,0,1,0
4,12,18,3,2,1,24,1,1,1,0,0,0,1,0
3,10,8,3,4,4,63,2,1,2,1,0,0,0,0
2,18,19,2,3,1,27,1,1,1,0,0,0,1,1
1,12,21,3,2,2,30,2,1,1,1,0,0,0,0
1,12,7,4,2,1,40,1,1,1,0,0,0,0,0
2,12,6,3,2,3,30,1,1,1,0,0,0,0,1
2,12,19,3,2,3,34,2,1,2,0,1,0,0,0
1,12,35,2,2,1,29,2,1,1,1,0,1,0,1
2,48,85,2,2,3,24,1,1,1,1,0,0,0,0
1,36,69,3,3,2,29,1,1,2,0,0,0,0,1
4,15,27,3,3,2,27,2,1,1,0,0,0,0,0
4,18,20,3,4,4,47,2,1,1,0,0,0,0,0
4,60,101,2,4,1,21,1,1,2,0,0,0,0,0
4,12,12,2,2,1,38,2,1,2,0,0,0,0,0
4,27,86,3,2,3,27,2,1,1,0,1,0,0,0
2,12,8,3,3,1,66,1,1,1,0,0,0,0,1
2,15,27,3,2,1,35,3,1,2,0,0,0,0,0
3,12,19,2,2,3,44,1,1,2,0,0,0,1,0
3,6,7,4,2,1,27,1,1,1,1,0,0,0,0
2,36,48,2,1,4,30,1,1,2,0,0,0,0,0
1,27,34,3,2,3,27,1,1,1,0,0,0,0,0
1,18,25,3,2,3,22,1,1,1,0,0,0,0,1
4,21,23,2,4,2,23,1,1,2,0,0,0,0,0
2,48,36,3,2,3,30,1,1,1,0,0,0,0,0
1,6,9,2,4,4,39,2,1,2,1,0,0,0,0
4,12,7,2,3,3,51,2,1,2,1,0,0,0,0
1,36,54,3,2,2,28,2,1,1,0,0,0,0,0
4,18,16,3,4,3,46,2,1,1,0,0,0,0,0
4,6,13,3,4,4,42,1,2,2,0,0,0,0,0
4,10,19,3,4,2,38,1,1,2,0,0,0,0,0
3,36,58,3,1,3,24,1,1,1,0,0,0,0,0
2,24,78,2,4,4,29,1,1,1,0,1,0,1,0
2,24,70,3,4,3,36,1,1,2,0,0,0,1,0
1,12,13,2,4,3,20,1,1,1,0,0,0,1,1
1,9,13,3,4,1,48,2,2,1,0,0,0,0,0
1,12,3,4,1,3,45,1,1,1,0,0,0,0,0
2,24,35,3,3,3,38,2,1,2,1,0,0,0,0
4,6,19,3,2,1,34,2,2,1,0,0,0,0,0
4,24,29,3,4,1,36,1,2,2,0,0,0,0,0
4,18,11,2,1,2,30,2,1,1,1,0,0,0,0
4,15,13,3,3,2,36,2,1,2,0,0,0,0,0
2,10,73,3,4,4,70,1,1,2,1,0,0,0,0
4,36,9,3,4,2,36,1,1,1,1,0,0,0,0
4,6,30,3,2,3,32,1,1,2,0,0,0,0,0
1,18,11,2,2,3,33,1,1,1,0,0,0,0,1
2,11,16,2,1,1,20,1,1,1,0,0,0,0,0
4,24,40,2,4,2,25,1,1,2,0,0,0,1,0
2,24,19,1,4,1,31,2,1,2,0,0,0,0,1
1,15,10,3,3,3,33,2,2,1,1,0,0,1,1
4,12,8,2,1,1,26,1,1,2,0,0,0,0,0
2,24,21,2,2,2,34,1,1,2,0,0,0,0,1
2,8,14,3,2,1,33,1,1,1,0,0,0,0,0
1,21,34,3,1,2,26,2,1,1,0,0,0,0,1
4,30,75,2,1,1,53,1,1,2,0,1,0,0,1
1,12,26,1,1,3,42,1,1,1,0,0,0,0,0
1,6,3,3,4,3,52,2,1,1,0,0,0,0,0
4,12,20,3,2,3,31,2,2,2,0,0,0,1,0
1,21,6,3,4,1,65,2,1,1,1,0,0,0,0
4,36,96,1,1,3,28,2,1,1,0,0,0,0,1
2,36,45,1,2,1,30,2,1,2,0,0,0,0,1
1,21,16,3,2,2,40,2,2,1,1,0,0,0,1
4,24,38,3,4,1,50,1,1,2,0,0,0,0,0
2,18,9,3,4,3,36,1,2,2,1,0,0,0,1
4,15,14,3,2,2,31,2,1,1,0,0,0,0,0
2,9,51,2,4,4,74,1,2,2,0,1,0,0,1
2,16,12,3,3,3,68,3,1,2,1,0,0,0,0
1,12,7,4,1,2,20,1,1,1,0,0,0,0,1
2,18,32,2,4,3,33,2,1,2,0,0,0,0,0
4,24,46,3,3,2,54,3,1,2,0,0,0,0,1
2,48,38,3,4,4,34,1,2,1,0,0,0,0,1
2,27,39,3,2,3,36,1,2,2,0,0,0,0,1
4,6,21,4,2,1,29,1,1,1,0,0,0,1,0
2,45,30,3,4,2,21,1,1,1,0,0,0,1,1
2,9,15,2,3,3,34,2,1,2,0,0,0,0,1
4,6,14,2,1,3,28,2,1,2,0,0,0,0,0
2,12,10,2,4,3,27,4,1,1,0,0,0,1,1
2,24,28,3,4,4,36,1,1,2,0,1,0,0,0
2,18,43,1,3,4,40,1,1,2,0,0,0,0,1
4,9,9,3,2,3,52,2,1,2,0,0,0,0,0
1,12,12,4,3,1,27,1,1,1,1,0,0,0,0
4,27,51,3,4,3,26,2,1,1,0,0,0,0,0
1,12,9,4,4,2,21,1,1,1,0,0,0,1,1
4,12,15,3,1,1,38,2,2,1,1,0,0,0,0
1,30,106,3,4,4,38,3,2,2,0,1,0,0,0
4,12,19,3,4,1,43,3,1,2,0,0,0,0,0
2,12,14,3,3,2,26,1,1,1,0,0,0,0,0
1,24,66,4,2,3,21,1,1,1,0,0,0,0,0
4,12,14,3,2,2,55,1,1,1,0,1,0,0,0
4,9,31,3,2,1,33,2,2,1,0,0,0,0,0
4,36,38,2,4,1,45,1,1,2,0,0,0,0,0
1,27,53,3,4,2,50,2,1,2,0,0,0,0,1
3,30,19,3,4,1,66,1,1,2,0,0,0,0,1
4,36,33,3,2,3,51,1,1,2,0,0,0,0,0
2,6,9,2,3,2,39,2,1,1,0,0,0,0,0
1,18,31,3,1,2,31,1,1,2,0,0,0,0,0
3,36,39,3,2,1,23,1,1,2,0,0,0,0,0
1,24,30,1,2,1,24,1,1,1,0,0,0,1,0
4,10,14,2,4,3,64,1,1,2,1,0,0,0,0
2,12,6,4,1,1,26,1,1,1,0,0,0,0,0
1,12,12,2,4,2,23,1,1,2,0,0,0,1,0
4,12,7,3,2,1,30,2,1,1,0,0,0,0,0
4,24,30,3,4,1,32,2,2,2,0,0,0,0,0
4,15,47,3,2,3,30,1,1,2,0,1,0,0,0
4,36,26,3,2,3,27,2,1,1,0,0,0,0,0
2,48,110,3,2,4,27,2,1,2,0,0,1,0,1
1,12,79,3,4,4,53,1,1,2,0,0,0,0,1
4,9,15,3,2,3,22,1,1,1,0,0,0,0,1
1,24,31,3,1,4,22,1,1,1,0,0,0,0,0
3,36,42,3,2,3,26,1,1,1,0,0,0,0,1
4,9,25,3,4,4,51,1,1,1,1,0,0,0,0
4,12,21,3,1,4,35,1,1,1,0,0,0,0,0
2,18,9,4,2,1,25,1,1,1,0,0,0,0,0
4,4,15,3,1,1,42,3,2,1,0,0,0,0,0
1,24,18,3,2,3,30,1,2,1,0,0,0,0,1
2,6,146,3,2,2,23,1,1,2,1,0,0,0,1
2,21,28,1,2,3,61,2,1,1,0,0,0,1,1
4,12,13,2,2,2,35,2,1,1,0,0,0,0,0
1,30,25,3,3,2,39,1,2,1,0,0,0,0,0
1,24,9,2,2,3,29,1,1,1,1,0,0,0,1
4,6,16,3,2,2,51,1,2,1,0,0,0,0,0
1,48,46,3,4,4,24,2,2,1,0,1,0,0,1
4,12,12,2,2,1,27,2,1,1,0,0,0,0,0
4,12,34,2,3,1,35,1,2,1,0,0,0,0,0
4,24,13,3,1,1,25,1,1,2,0,0,0,0,0
4,12,7,3,4,1,52,3,1,1,0,0,0,0,0
4,6,12,3,1,4,35,1,1,1,1,0,0,1,0
3,24,19,3,2,1,26,1,1,1,0,0,0,0,0
4,18,4,2,4,1,22,1,1,1,0,0,1,1,1
1,6,7,2,4,1,39,2,1,2,1,0,0,0,0
3,12,23,2,2,3,46,1,1,1,0,0,0,0,0
2,30,22,2,2,4,24,1,1,1,1,0,0,0,1
4,24,42,3,3,2,35,2,1,1,0,0,0,0,0
2,9,20,3,1,3,24,1,1,2,0,0,0,0,0
2,60,74,3,1,1,27,1,1,1,0,0,0,0,0
4,24,27,3,2,1,35,2,1,1,0,0,0,0,0
1,12,21,1,1,4,29,1,1,1,0,0,0,0,1
4,15,38,2,4,3,23,1,1,2,0,1,0,0,0
4,11,12,2,4,1,57,3,1,1,0,0,0,0,0
1,12,17,3,2,1,27,1,1,1,0,0,0,0,0
1,24,16,2,4,3,55,1,1,1,0,0,0,0,0
1,18,53,3,4,4,36,3,1,2,1,0,0,0,0
4,12,27,2,4,4,57,3,1,1,0,0,0,0,0
4,10,12,3,4,1,32,2,2,1,1,0,0,0,0
2,15,8,3,3,3,37,1,2,1,0,0,0,0,1
4,36,63,3,4,1,36,2,1,1,0,0,0,0,0
4,24,15,2,3,3,38,1,1,2,0,0,0,0,0
1,14,90,1,4,2,45,1,1,2,1,0,0,0,1
4,24,10,3,2,3,25,2,1,1,0,0,0,0,0
4,18,27,3,3,2,32,1,1,1,1,0,0,0,0
4,12,14,2,4,3,37,1,1,2,0,0,0,1,0
2,48,122,3,4,4,36,1,1,2,1,0,1,0,0
2,48,31,3,4,1,28,2,1,1,0,0,0,0,1
1,30,120,1,1,4,34,1,1,2,0,0,0,0,1
4,9,27,3,2,1,32,1,2,1,0,0,0,0,0
4,18,24,2,2,3,26,2,1,1,0,0,0,0,0
1,12,13,1,4,2,49,1,1,2,0,0,0,0,0
4,6,46,2,4,2,32,1,1,1,0,0,0,0,1
4,24,19,3,4,3,29,1,1,2,0,0,0,1,0
4,15,34,3,4,4,23,2,1,2,0,1,0,1,0
4,12,16,3,2,1,50,1,1,1,0,0,0,0,0
3,18,14,3,4,3,49,1,1,1,0,0,0,0,0
4,15,15,3,4,2,63,1,1,1,0,0,0,0,0
2,24,39,1,2,3,37,1,1,2,1,0,0,0,0
1,47,107,2,1,1,35,1,1,2,1,0,0,0,0
1,48,48,3,3,2,26,1,2,1,0,1,0,0,0
2,48,76,3,4,4,31,1,1,2,0,0,0,0,0
2,12,11,2,4,1,49,2,1,2,0,0,0,0,0
1,24,10,4,4,1,48,1,1,1,0,0,0,0,1
4,12,11,4,2,1,26,1,1,2,0,0,0,0,0
2,36,94,4,4,3,28,1,1,2,0,1,0,1,1
1,24,64,2,4,4,44,2,2,2,0,1,0,0,0
3,42,48,3,4,4,56,1,1,1,0,1,0,0,0
4,48,76,1,2,3,46,2,2,1,0,0,0,0,0
2,48,100,2,2,3,26,1,1,2,0,0,0,0,1
4,12,47,2,4,3,20,1,1,1,0,1,0,1,0
4,10,13,3,2,2,45,1,1,1,1,0,1,0,0
4,18,25,3,4,1,43,1,1,2,0,0,0,0,0
2,21,27,3,2,3,32,2,1,2,0,0,0,0,0
4,6,7,2,4,1,54,1,1,2,1,0,0,0,0
2,36,38,2,1,3,42,1,1,2,0,0,0,0,1
3,24,13,3,2,1,37,2,2,1,1,0,0,0,1
1,10,10,3,3,2,49,2,1,2,1,0,1,0,0
4,48,101,3,2,4,44,1,1,1,1,0,0,0,1
4,6,15,1,2,1,33,1,1,1,0,0,0,0,0
4,30,48,2,4,2,24,1,1,1,0,1,0,1,0
1,12,7,4,3,4,33,1,1,2,0,0,0,0,1
2,8,12,2,4,1,24,1,1,1,0,0,0,0,1
2,9,3,4,4,1,22,1,1,1,1,0,0,1,0
2,48,54,3,4,4,40,1,1,2,0,0,0,0,0
4,24,55,3,1,3,25,1,1,1,0,0,0,0,0
3,24,37,2,4,3,26,1,1,1,0,0,0,0,0
2,12,7,4,3,3,25,1,1,1,1,0,0,0,1
3,4,15,3,2,1,29,1,2,1,1,0,0,0,0
1,36,27,3,4,3,31,1,1,1,0,0,0,0,1
1,12,7,3,3,2,38,1,2,1,0,0,0,0,0
2,24,44,2,4,2,48,1,1,2,0,0,0,0,0
4,12,7,3,2,3,32,2,1,1,0,0,0,0,0
1,15,36,2,4,2,27,2,1,1,0,0,0,0,0
2,30,42,4,2,3,28,2,1,1,1,0,0,0,1
1,24,19,1,3,2,32,1,1,1,0,0,0,0,1
1,24,29,3,1,4,34,1,1,2,0,1,0,0,0
1,18,27,3,2,3,28,1,1,1,0,0,0,0,0
4,18,10,2,3,1,36,2,1,1,1,0,0,0,0
1,8,34,3,4,1,39,2,1,1,1,0,0,0,0
4,12,58,3,4,2,49,1,1,2,0,0,0,1,0
4,24,15,2,3,3,34,1,2,2,1,0,0,0,0
3,36,45,3,2,3,31,1,1,1,0,0,0,0,0
2,6,11,3,4,3,28,1,2,1,0,0,0,0,0
1,24,66,3,4,4,75,2,1,2,0,1,0,0,0
4,18,19,2,2,1,30,2,1,1,0,0,0,0,1
2,60,74,2,2,2,24,1,1,1,1,0,0,0,1
4,48,116,2,4,3,24,2,1,1,0,1,0,1,1
1,24,41,3,4,4,23,2,2,1,0,0,0,1,1
1,6,34,1,4,1,44,1,1,2,0,0,0,1,1
2,13,21,2,4,2,23,1,1,1,0,0,0,0,0
1,15,13,2,2,3,24,1,1,1,0,0,0,1,1
1,24,42,3,4,2,28,1,1,1,0,0,0,0,0
2,10,15,1,2,3,31,1,1,1,0,0,0,0,0
2,24,57,2,4,4,24,2,1,2,0,0,0,0,0
1,21,36,2,4,3,26,1,1,1,0,0,0,1,0
2,18,32,4,3,1,25,1,1,1,0,0,0,1,0
2,18,44,3,1,1,33,1,1,2,0,0,1,0,0
3,10,39,3,1,2,37,1,2,1,1,0,0,0,0
4,15,15,2,2,3,43,1,1,1,0,0,0,0,0
2,13,9,3,4,1,23,2,1,1,0,0,0,0,0
2,24,38,2,4,4,23,1,1,1,0,0,0,1,0
4,6,17,3,2,1,34,2,1,1,0,0,0,0,0
2,9,11,3,3,4,32,2,2,1,0,0,0,0,1
4,9,12,2,4,1,23,1,1,2,0,0,0,1,0
2,9,10,2,2,3,29,1,1,1,0,0,0,0,1
4,18,32,3,4,4,38,1,1,2,0,1,0,0,0
1,12,62,3,2,2,28,2,1,2,0,0,0,1,1
4,10,7,3,4,4,46,1,1,2,0,0,0,0,0
2,24,12,3,2,1,23,1,1,1,1,0,0,0,1
4,12,23,3,4,1,49,1,1,2,0,0,1,0,0
4,36,45,3,2,3,26,2,1,2,0,0,0,0,1
4,12,8,4,2,1,28,1,1,1,0,0,0,0,0
1,30,24,2,4,1,23,1,1,1,0,0,0,1,1
2,18,12,3,4,4,61,1,1,1,0,0,0,0,0
3,12,34,3,3,3,37,1,1,1,0,0,0,0,0
3,12,22,2,2,3,36,2,1,2,1,0,0,0,0
4,6,18,4,2,2,21,1,1,1,0,0,0,1,0
1,18,25,3,1,3,25,1,1,1,0,0,0,0,1
4,12,15,3,4,3,36,1,1,2,0,0,0,0,0
4,18,38,3,1,3,27,2,1,1,0,1,0,0,0
1,18,36,2,4,3,22,1,1,1,0,0,0,1,0
1,36,34,3,2,3,42,1,2,1,0,0,0,0,1
2,18,30,2,4,1,40,1,1,1,0,0,0,1,0
4,36,31,3,4,1,36,1,1,1,1,0,0,0,0
4,18,61,3,4,3,33,2,1,2,0,0,0,0,0
4,10,21,2,3,1,23,2,1,1,0,0,0,1,0
4,60,138,3,4,4,63,1,1,2,1,0,0,0,0
2,60,148,2,4,4,60,2,1,2,0,0,0,0,1
1,48,77,2,4,3,37,1,1,1,0,0,0,1,1
4,18,23,4,3,1,34,2,1,1,0,0,0,0,0
4,7,8,3,4,4,36,1,1,1,0,0,0,0,0
2,36,143,3,2,4,57,1,1,2,1,0,0,0,1
4,6,4,2,4,3,52,2,1,1,1,0,0,0,0
1,20,22,3,4,3,39,1,1,2,0,0,0,0,0
2,18,130,2,4,4,38,1,1,2,0,1,0,0,1
4,22,13,2,4,2,25,1,1,1,1,0,0,1,0
3,12,13,3,1,1,26,1,1,1,1,0,0,0,0
4,30,43,3,2,2,26,2,1,1,0,0,0,0,0
4,18,22,2,1,3,25,2,1,1,0,0,0,0,0
4,18,11,2,2,1,21,1,1,2,0,0,0,1,0
2,18,74,3,4,2,40,2,1,2,0,0,0,0,0
2,15,23,3,4,3,27,1,1,1,0,0,0,0,0
4,9,14,2,2,3,27,2,1,1,0,0,0,0,0
4,18,18,4,2,2,30,1,1,2,1,0,0,0,0
2,12,10,2,4,1,19,1,1,1,0,0,0,1,0
1,36,32,3,4,4,39,1,2,2,1,0,0,0,0
1,6,20,2,4,3,31,1,1,1,0,0,0,0,0
4,9,24,3,3,3,31,1,1,1,0,0,0,0,0
2,39,118,3,3,4,32,1,1,2,0,0,0,1,0
1,12,26,2,4,4,55,1,1,1,0,0,0,0,0
1,36,23,4,2,2,46,2,1,2,0,0,0,0,0
2,12,12,1,1,1,46,2,1,1,1,0,0,1,1
4,24,15,2,1,1,43,2,1,1,0,0,0,0,0
4,18,15,4,4,1,39,1,1,2,0,0,0,0,0
2,18,19,4,4,1,28,2,1,1,0,0,0,0,0
4,24,86,3,2,3,27,2,1,2,0,0,0,0,1
4,14,8,3,2,3,27,2,1,1,1,0,0,0,0
2,18,29,3,4,3,43,1,2,1,1,0,0,0,0
2,24,20,4,1,2,22,1,1,2,0,0,0,0,1
4,24,22,3,4,3,43,2,2,2,0,1,0,0,0
1,15,11,4,2,1,27,1,1,1,0,0,0,0,0
4,24,32,1,2,3,26,1,1,2,0,0,0,0,0
3,12,9,4,2,1,28,3,1,2,1,0,0,0,1
2,24,20,2,4,3,20,1,1,2,0,0,0,0,0
4,33,73,3,2,3,35,2,1,2,0,1,0,0,0
4,12,23,3,2,3,42,2,1,2,0,0,0,0,1
4,10,16,3,2,4,40,1,2,1,1,0,0,1,0
1,24,14,2,2,2,35,1,1,1,1,0,0,0,1
4,36,58,3,2,2,35,2,2,2,0,1,0,0,0
1,12,26,3,1,1,33,1,2,1,1,0,0,0,1
1,18,85,2,2,3,23,2,1,2,0,0,0,1,0
4,21,28,2,2,3,31,1,1,1,1,0,0,0,0
2,18,10,2,2,2,33,1,1,1,1,0,0,0,1
4,15,32,2,3,3,20,1,1,1,1,0,0,1,0
2,12,20,3,2,3,30,1,1,1,0,1,0,0,0
2,12,10,3,3,1,47,2,2,1,1,0,0,0,0
4,21,16,3,3,1,34,2,1,1,0,0,0,0,0
2,12,28,2,2,2,25,1,1,2,0,0,0,0,1
2,18,28,4,3,3,21,1,1,2,0,1,0,1,0
4,28,27,3,2,3,29,2,1,1,0,0,0,0,0
4,18,11,3,3,1,46,2,1,1,0,0,0,0,0
4,9,13,3,4,3,20,1,1,1,0,0,0,0,0
1,18,12,2,4,4,55,3,2,1,0,0,0,0,1
4,5,34,3,4,1,74,1,1,1,0,0,0,0,0
2,24,113,3,3,3,29,2,1,2,0,0,1,0,1
1,6,19,3,4,4,36,3,1,2,0,0,0,0,0
4,24,21,1,2,1,33,2,1,2,0,0,0,0,0
1,9,21,3,2,1,25,1,1,1,0,0,0,0,0
2,12,15,4,1,1,25,1,1,2,0,0,0,0,1
4,6,7,4,4,1,23,1,1,1,0,0,0,1,0
4,24,13,2,4,1,37,2,1,2,1,0,0,0,0
1,42,34,3,4,3,65,2,1,1,0,0,1,0,0
3,12,6,2,1,1,26,1,1,1,0,0,0,0,1
4,12,19,3,4,3,39,1,1,2,1,0,0,0,0
1,12,16,2,3,2,30,1,1,1,0,0,1,0,0
2,20,26,3,3,3,29,2,1,2,0,0,0,0,0
4,12,7,3,4,3,41,1,2,1,0,0,0,0,1
2,48,51,2,3,3,30,1,1,2,0,0,0,0,1
4,9,12,2,4,2,41,2,1,1,0,0,0,1,0
1,36,18,2,4,3,34,1,1,2,1,0,0,0,1
2,7,26,3,2,1,35,1,1,1,0,0,0,0,0
3,12,14,2,4,1,55,1,1,2,0,0,0,0,0
2,15,15,4,3,2,61,2,1,1,0,0,0,0,1
4,36,111,3,2,3,30,1,1,2,0,1,0,0,0
4,6,5,2,1,1,29,1,1,1,0,0,0,0,0
4,12,28,3,4,2,34,2,1,1,0,0,0,0,0
4,24,27,3,4,3,35,1,1,2,0,1,0,0,0
1,24,48,3,3,2,31,1,1,2,1,0,1,0,1
4,24,27,2,1,4,29,1,1,2,0,1,0,0,0
1,11,39,3,2,1,36,2,2,1,1,0,0,1,0
1,12,34,3,4,4,35,1,1,2,0,1,0,0,1
1,6,3,2,1,1,27,1,1,1,0,0,0,0,0
4,18,46,3,2,3,32,1,1,2,0,0,0,0,0
1,36,36,3,2,2,37,1,2,1,0,0,0,0,0
1,15,17,3,3,1,36,1,1,1,1,0,0,0,0
2,12,30,2,1,1,34,1,1,1,0,0,0,1,0
2,12,8,3,4,2,38,2,1,1,0,0,0,0,0
4,18,20,3,1,3,34,2,1,2,0,0,0,0,0
1,24,29,3,4,4,63,1,2,2,0,1,0,0,0
1,24,17,2,2,3,29,1,1,2,0,0,0,1,1
4,48,72,3,3,3,32,2,2,1,0,0,0,0,0
4,33,28,2,2,3,26,2,1,2,0,0,0,0,0
4,24,47,3,3,3,35,2,1,2,0,1,0,0,0
2,24,31,4,2,3,22,1,1,2,0,0,0,1,1
1,6,4,2,4,2,23,1,1,1,0,0,0,0,1
1,9,7,3,3,3,28,1,1,1,1,0,0,0,1
4,6,12,3,4,2,36,1,2,2,0,0,0,0,0
2,18,12,4,2,3,33,1,1,1,0,0,0,0,1
1,18,31,2,4,2,26,1,1,1,0,0,0,1,1
4,39,26,3,4,3,24,1,1,1,0,1,0,0,0
3,24,52,3,2,3,25,1,1,1,0,0,0,0,0
2,12,10,3,4,1,39,1,1,1,0,0,0,0,0
1,15,15,3,4,3,44,2,2,2,0,0,0,0,0
2,12,36,2,1,1,23,1,1,1,0,0,0,0,0
2,24,12,3,1,2,26,1,1,1,1,0,0,0,0
1,30,36,2,4,2,57,2,1,2,0,0,0,1,0
4,15,10,2,2,2,30,2,1,1,0,0,0,0,0
4,12,12,3,4,1,44,1,1,2,1,0,0,0,0
2,6,12,3,4,2,47,1,1,2,1,0,0,0,1
4,12,31,3,4,3,52,1,1,2,0,0,0,0,0
4,24,38,2,4,4,62,1,1,2,1,0,1,0,0
4,10,14,3,2,1,35,1,1,1,1,0,0,1,0
4,6,35,3,3,2,26,1,1,1,1,0,0,1,0
4,12,19,3,2,4,26,2,1,1,0,0,0,0,0
2,27,83,2,4,4,42,2,1,2,0,0,0,0,1
4,6,12,2,1,2,27,2,1,1,0,0,0,0,0
2,6,4,3,4,2,38,1,1,1,0,0,0,0,0
1,12,21,3,2,1,39,2,2,1,1,0,0,1,0
1,24,30,4,4,3,20,1,1,1,0,0,0,0,1
2,36,90,3,1,4,29,1,1,2,0,0,1,1,1
4,24,16,3,3,2,40,2,1,1,0,0,0,0,0
2,18,13,4,2,1,32,1,1,1,0,0,0,0,0
3,6,13,1,4,3,28,2,2,2,1,0,0,0,0
1,24,31,2,1,2,27,1,1,1,1,0,0,0,1
1,36,55,3,4,4,42,1,2,1,0,1,0,0,0
3,9,11,1,4,1,49,1,1,1,0,0,0,0,0
2,24,12,3,4,4,38,2,2,1,0,0,0,0,1
1,24,12,2,4,2,24,1,1,1,1,0,0,1,1
4,10,13,3,4,2,27,1,1,1,1,0,0,0,1
3,15,24,3,2,3,36,1,1,2,0,1,0,0,0
2,15,68,3,2,2,34,1,2,2,1,0,0,0,1
4,24,14,4,2,2,28,1,1,1,0,0,0,0,0
4,39,86,3,2,3,45,1,1,2,0,1,0,0,0
1,12,8,3,2,1,26,1,1,1,1,0,0,0,1
4,36,47,3,2,4,32,1,1,2,0,1,0,0,0
3,15,27,3,4,2,26,1,1,2,0,0,0,1,0
2,12,6,4,4,1,20,2,1,1,0,0,1,1,0
4,24,23,3,1,2,54,1,1,1,1,0,0,0,0
1,6,6,2,3,2,37,2,1,1,1,0,0,0,0
1,6,14,3,4,1,40,1,2,1,1,0,0,0,0
4,36,71,2,4,2,23,2,1,2,0,0,0,1,1
1,6,12,3,2,2,43,1,1,2,1,0,0,0,0
4,6,7,3,4,4,36,2,1,1,0,0,0,0,0
4,24,55,3,4,4,44,2,1,1,0,0,0,0,0
1,18,32,2,2,1,24,1,1,1,0,0,0,0,1
1,48,71,3,4,4,53,2,2,1,0,0,0,0,1
4,24,35,2,4,3,23,1,1,1,0,1,0,0,0
2,18,11,2,4,1,26,1,2,1,0,0,0,0,0
2,26,80,3,3,3,30,2,1,1,0,1,0,0,0
4,15,15,2,3,3,31,1,1,1,0,0,0,0,0
4,4,15,3,1,1,42,2,2,1,0,0,0,0,0
1,36,23,1,4,3,31,1,1,1,0,0,0,1,1
1,6,7,3,4,1,41,1,2,2,1,0,0,0,0
2,36,23,3,1,3,32,2,2,1,0,0,0,0,0
2,15,26,2,4,3,28,2,1,2,1,0,0,1,1
4,12,15,4,4,1,41,1,1,1,0,1,0,1,0
4,24,13,4,3,2,26,1,1,2,0,0,0,0,0
4,24,31,3,2,3,25,2,1,1,0,0,0,0,0
3,21,23,1,1,3,33,1,1,1,0,0,0,1,1
1,6,14,2,3,2,75,1,1,2,1,0,0,0,0
2,18,36,2,4,2,37,1,1,2,0,0,0,0,0
1,48,78,3,4,4,42,1,1,1,1,0,0,0,1
3,18,30,2,1,2,45,1,1,1,0,0,0,0,0
2,12,15,4,1,1,23,1,1,1,0,0,0,1,1
4,24,20,3,4,4,60,2,1,2,1,0,0,0,0
1,30,64,3,4,2,31,1,1,1,0,0,0,0,1
3,18,29,3,1,1,34,1,2,1,0,0,0,0,1
4,12,13,3,4,1,61,2,1,1,1,0,0,0,0
1,24,13,3,2,1,43,2,2,1,1,0,0,0,1
4,24,20,2,4,3,37,1,1,2,1,0,0,0,0
4,24,16,3,1,3,32,1,2,1,0,0,0,0,0
1,12,6,2,4,1,24,1,1,1,0,0,0,0,1
4,48,89,3,1,4,35,2,1,2,0,1,0,0,0
4,12,10,2,4,1,23,2,1,1,0,0,0,0,0
4,6,18,3,4,2,45,1,2,1,0,0,0,0,0
1,48,70,4,1,1,34,2,1,2,0,0,0,0,1
2,12,20,3,1,3,27,1,1,1,1,0,0,0,0
2,9,12,2,4,2,67,2,1,2,0,0,0,0,0
2,12,13,3,1,3,22,1,1,1,0,0,0,0,1
2,18,23,2,3,3,28,2,1,1,1,0,0,0,1
4,21,50,2,4,2,29,2,1,2,1,0,0,0,1
1,24,36,3,4,3,27,1,1,1,0,0,0,0,1
2,18,19,3,2,1,31,2,1,1,0,0,0,0,1
1,24,30,3,4,4,49,1,2,2,0,1,0,0,0
1,24,15,3,4,3,24,1,1,1,0,0,0,1,1
3,6,7,2,1,2,29,1,1,1,0,0,0,0,0
2,36,124,3,4,4,37,1,1,2,1,0,0,0,1
2,24,47,3,2,2,37,2,1,2,0,0,0,0,0
2,24,16,2,2,2,23,2,1,2,0,0,0,1,0
1,12,14,1,3,3,36,1,1,1,1,0,0,0,1
4,24,26,3,2,3,34,1,1,1,0,0,0,0,0
2,48,40,3,1,3,41,2,2,2,0,0,0,0,0
1,48,68,2,2,3,31,1,1,2,0,0,0,0,1
1,24,32,2,4,1,23,1,1,2,0,0,0,1,1
4,30,60,3,2,3,38,1,1,1,0,0,1,0,0
4,24,54,2,4,2,26,1,1,2,0,1,0,1,0
1,15,8,2,4,2,22,1,1,1,0,0,0,0,0
2,9,11,3,4,3,27,2,1,1,0,0,0,0,0
4,15,28,2,3,3,24,2,1,1,0,0,1,0,0
2,12,29,2,1,1,27,1,1,1,0,0,0,0,0
4,24,19,2,2,3,33,2,1,2,0,0,0,0,0
2,36,28,1,4,3,27,2,1,1,1,0,0,0,1
4,24,9,4,3,3,27,2,1,1,0,0,0,0,0
2,18,11,3,3,1,30,2,1,1,1,0,0,0,1
2,12,31,3,3,1,49,2,2,1,1,0,0,0,0
4,9,14,2,2,1,26,1,1,1,0,0,0,1,0
2,36,24,3,1,4,33,1,1,1,0,0,0,1,1
4,12,21,2,4,4,52,1,1,2,1,0,0,0,0
1,18,20,2,4,1,20,1,1,1,0,0,0,1,1
1,9,28,3,2,1,36,2,2,1,1,0,0,1,0
1,12,13,3,1,2,21,1,1,1,0,0,0,0,0
1,18,12,4,3,1,47,1,1,2,0,0,0,0,1
1,12,22,3,3,2,60,2,1,1,0,0,0,0,1
1,12,4,2,3,1,58,4,1,2,0,0,0,0,0
2,24,20,2,4,3,42,2,1,2,1,0,0,1,0
4,21,16,2,4,1,36,1,1,1,0,0,0,0,0
2,24,27,2,4,2,20,1,1,2,1,0,0,1,1
1,24,14,3,3,3,40,1,1,2,0,0,0,0,1
2,6,9,2,1,2,32,1,1,1,1,0,0,0,1
1,24,14,2,4,3,23,2,1,1,1,0,0,1,1
2,24,42,3,4,1,36,3,1,2,0,0,0,0,1
4,18,28,3,2,2,31,2,1,1,1,0,0,0,1
4,24,39,3,2,4,32,1,1,1,0,0,0,0,0
2,7,23,2,1,1,45,1,1,1,0,0,0,0,0
2,9,9,2,1,2,30,1,1,1,0,0,0,0,1
2,24,18,2,4,4,34,1,1,1,0,0,0,0,1
4,36,33,2,2,3,28,1,1,2,0,0,0,0,1
3,10,13,2,2,2,23,1,1,1,0,0,0,0,0
1,24,28,3,4,1,22,1,1,2,0,0,0,0,0
4,24,45,3,2,1,74,1,1,2,0,0,0,0,0
2,36,27,2,4,4,50,1,1,1,0,0,1,0,1
4,18,21,3,1,1,33,1,1,1,0,0,0,0,0
4,15,13,3,4,4,45,1,2,1,0,1,0,0,0
1,12,7,2,3,2,22,1,1,1,0,0,0,0,1
3,10,12,2,4,4,48,1,2,1,1,0,0,0,1
1,21,34,2,2,3,29,1,1,1,0,0,0,0,0
1,24,36,2,4,3,22,1,1,1,0,1,0,1,0
4,18,18,2,1,1,22,1,1,1,0,0,0,0,1
2,48,122,3,2,3,48,1,1,2,0,0,0,0,0
2,60,92,3,2,4,27,1,1,1,0,0,0,0,0
1,6,37,3,3,1,37,3,2,1,1,0,0,1,0
2,30,34,2,4,3,21,1,1,1,0,0,1,1,1
4,12,6,1,2,1,49,1,1,1,1,0,0,0,0
2,21,37,3,3,2,27,2,1,1,0,0,0,0,0
4,18,15,3,2,2,32,2,1,1,1,0,0,0,1
4,48,39,1,2,1,38,1,1,1,0,0,0,0,1
1,12,19,2,1,3,22,1,1,1,0,0,0,1,0
1,18,26,3,4,4,65,2,1,1,0,0,0,0,1
4,15,20,3,2,3,35,1,1,1,0,0,0,0,0
3,6,21,3,2,1,41,1,1,2,0,0,0,0,0
2,9,14,3,3,4,29,1,1,1,1,0,0,0,1
4,42,40,3,4,1,36,2,1,2,0,0,0,0,0
4,9,38,3,4,1,64,1,1,1,0,0,0,0,0
1,24,37,2,4,3,28,1,1,1,0,0,0,0,0
1,18,16,3,3,3,44,1,1,1,0,0,0,0,1
2,15,14,3,1,2,23,1,1,1,0,0,0,0,0
4,9,20,2,2,3,19,2,1,1,0,0,1,1,1
2,24,14,2,4,3,25,1,1,2,1,0,0,0,1
4,12,14,3,4,2,47,3,2,2,0,0,0,0,0
4,24,14,2,1,3,28,1,1,1,0,0,0,0,0
4,60,157,3,4,3,21,2,1,2,0,0,0,0,0
4,12,15,2,3,3,34,1,2,1,0,0,0,0,0
1,42,44,3,2,2,26,2,2,2,0,0,0,0,1
1,18,8,2,1,1,27,1,1,1,0,0,0,0,1
2,15,13,3,4,3,38,2,1,1,0,0,0,0,0
4,15,46,3,2,2,40,1,1,2,0,0,0,0,1
4,24,19,4,2,3,33,2,1,2,0,0,0,0,0
1,18,19,4,1,2,32,2,1,2,0,0,0,0,0
4,36,80,3,4,3,27,2,1,2,0,0,0,1,1
1,30,46,1,2,1,32,2,1,1,0,0,0,0,0
4,12,14,2,2,2,26,1,1,1,1,0,0,0,1
3,24,9,3,3,4,38,1,2,1,1,0,0,0,1
1,12,7,3,4,3,40,1,2,1,0,0,0,1,1
1,48,75,3,1,4,50,1,1,2,0,0,0,0,0
2,12,19,3,2,2,37,1,1,1,0,0,0,0,1
1,24,23,3,1,1,45,1,1,1,1,0,1,0,1
2,36,81,3,4,3,42,4,1,2,1,0,0,0,1
4,24,23,3,3,3,35,2,1,2,0,1,0,0,0
1,14,40,3,4,4,22,1,1,1,1,0,0,0,0
2,12,9,3,4,3,41,1,2,1,1,0,0,0,1
4,48,102,3,3,3,37,1,1,2,0,0,0,0,0
2,30,42,2,1,3,28,2,1,1,0,0,0,0,0
2,18,64,3,1,4,41,1,1,2,0,0,0,0,0
3,12,13,4,4,1,23,1,1,1,0,0,0,1,0
1,12,9,4,2,3,23,1,1,1,1,0,0,0,1
4,21,22,3,2,1,50,2,1,1,0,0,0,0,0
2,6,10,3,1,2,35,2,1,2,0,0,0,0,0
3,6,10,2,4,2,50,1,1,1,0,0,0,0,0
4,24,63,3,2,4,27,2,1,2,0,0,1,0,0
2,30,35,3,2,3,34,1,2,2,0,0,0,0,0
4,48,36,2,1,1,27,1,1,1,0,0,0,0,0
1,12,48,3,4,2,43,2,1,2,1,0,1,1,1
3,30,30,3,4,2,47,1,1,1,0,0,0,0,0
4,24,41,3,3,2,27,2,1,2,0,0,0,0,0
4,36,57,3,2,3,31,2,1,2,0,0,0,0,0
4,60,104,3,4,2,42,1,1,2,1,0,0,0,0
4,6,21,4,2,3,24,1,1,1,1,0,0,0,0
4,21,26,3,2,1,41,1,2,1,0,0,0,0,1
4,30,45,2,4,3,26,1,1,2,0,0,0,1,0
4,24,52,3,4,3,33,1,1,2,0,0,0,0,0
2,72,56,4,2,3,24,1,1,1,0,0,0,0,1
1,24,24,3,4,1,64,1,1,1,0,0,0,1,0
4,18,15,2,1,1,26,1,1,1,0,0,0,0,0
4,6,15,2,2,4,56,1,1,1,0,0,0,0,0
4,12,23,3,4,4,37,1,1,2,0,0,0,0,0
4,15,15,4,3,1,33,2,1,1,0,0,0,0,0
4,24,51,4,3,4,47,3,1,2,0,0,0,0,0
2,36,99,3,3,2,31,2,2,2,0,0,0,0,0
4,60,65,3,4,4,34,1,2,2,1,0,0,0,0
3,10,13,3,2,2,27,2,1,2,0,0,0,0,0
2,36,29,3,3,4,30,1,1,1,1,0,0,0,0
4,9,28,3,4,3,35,1,1,2,0,0,1,0,0
1,12,37,3,3,2,31,1,2,1,1,0,0,0,0
1,15,10,1,3,2,25,2,1,1,0,0,0,0,0
2,15,26,2,2,1,25,1,1,1,0,0,0,0,0
2,24,29,3,1,3,29,1,1,1,0,0,0,0,0
1,6,47,3,3,1,44,2,2,1,1,0,0,0,0
4,24,23,3,2,3,28,1,1,2,0,0,0,0,0
4,6,12,3,4,2,50,1,1,1,0,1,0,1,0
2,12,11,3,3,1,29,2,1,1,0,0,0,0,0
4,12,9,2,2,2,38,1,1,1,1,0,0,0,0
4,18,18,3,2,3,24,2,1,1,0,0,0,0,0
3,15,19,3,4,3,40,1,1,2,0,0,0,1,0
4,12,11,2,4,3,29,1,1,1,0,0,0,1,1
1,48,63,3,4,4,46,2,1,2,0,1,0,0,1
3,24,14,2,2,4,47,1,1,2,0,0,0,0,0
2,30,25,3,2,2,41,2,1,1,0,0,0,0,0
2,27,25,2,1,2,32,1,2,2,0,0,0,0,0
4,15,53,2,4,4,35,1,1,1,1,0,0,0,0
2,48,66,3,2,2,24,1,1,1,1,0,0,0,1
2,12,30,2,3,2,25,2,1,1,0,0,0,1,1
2,9,12,2,4,1,25,1,1,1,0,0,0,0,0
2,9,21,3,2,1,37,1,2,1,0,0,0,0,0
4,18,6,3,3,2,32,2,1,2,0,0,0,0,0
1,6,12,2,4,4,35,1,1,1,0,0,0,0,1
4,21,25,3,4,1,46,1,1,2,0,1,0,0,0
1,9,11,3,4,1,25,2,1,1,0,0,0,0,0
2,60,140,3,2,4,27,1,1,2,1,0,0,0,1
4,30,76,3,4,3,63,2,1,1,0,1,0,0,0
4,30,31,3,2,3,40,2,2,2,0,0,0,0,0
4,18,15,3,2,4,32,1,1,2,0,0,0,0,0
3,24,31,3,2,3,31,2,1,2,0,0,0,0,0
2,20,61,4,4,3,31,2,1,2,0,1,0,0,0
3,9,13,3,2,3,34,2,1,2,0,0,0,0,1
2,6,4,2,2,2,24,1,2,1,0,0,0,1,1
1,12,12,2,2,1,24,1,1,1,1,0,0,0,1
2,9,8,2,3,1,66,1,1,1,0,0,0,0,0
4,27,26,2,3,1,21,1,1,1,1,0,0,1,1
4,6,2,2,2,1,41,2,1,1,1,0,0,0,0
4,15,13,4,2,2,47,2,1,1,0,0,0,0,0
1,18,19,2,4,3,25,2,1,1,0,0,0,1,1
2,48,64,2,3,4,59,1,1,1,0,0,0,1,1
3,24,13,1,4,1,36,2,1,2,0,0,0,0,0
2,24,64,3,2,3,33,1,1,1,0,0,0,0,0
1,24,20,3,4,1,21,1,2,1,0,0,0,1,1
2,8,8,2,2,1,44,1,1,1,0,0,0,0,0
4,24,26,2,4,3,28,1,1,2,0,1,0,1,0
4,4,34,2,1,1,37,1,2,1,1,0,0,0,0
2,36,40,2,2,4,29,1,1,1,0,0,0,0,0
2,24,116,2,4,3,23,2,1,1,0,1,0,1,1
1,18,44,3,4,3,35,1,2,2,1,0,0,0,0
4,6,68,3,3,4,45,2,2,2,1,0,0,0,0
2,30,43,2,4,3,26,2,1,1,0,0,0,1,1
1,24,23,3,3,3,32,1,1,1,1,0,0,0,0
2,10,10,3,4,1,23,1,1,1,0,0,0,0,0
4,21,32,3,3,2,41,1,1,2,0,0,0,0,0
1,24,25,3,4,1,22,1,1,2,0,0,0,0,0
1,39,142,3,4,2,30,2,1,2,0,0,0,0,0
1,13,18,3,1,2,28,2,1,1,0,0,0,0,0
1,15,25,2,4,3,23,1,1,1,1,0,0,1,0
1,12,13,2,1,1,37,1,1,1,1,0,0,0,1
4,21,52,3,3,3,26,1,1,1,0,1,0,0,0
4,15,30,3,2,3,33,1,1,1,0,1,0,0,0
1,6,4,2,1,2,49,1,1,2,0,0,0,0,0
1,18,10,2,2,3,23,1,1,1,1,0,0,0,1
2,12,8,2,4,1,23,1,1,1,0,0,0,1,0
4,30,58,2,2,3,25,2,1,1,0,0,0,0,0
4,12,16,3,4,4,55,2,2,1,0,0,0,0,1
1,24,13,2,4,4,32,1,1,1,1,0,0,1,1
3,6,13,3,1,1,74,3,2,1,1,0,0,0,0
3,15,13,3,4,4,39,2,1,2,0,0,0,0,1
4,24,14,3,2,1,31,1,1,2,1,0,0,0,0
1,12,7,3,3,2,35,2,1,1,1,0,0,0,1
4,15,50,2,4,3,59,1,1,2,1,0,0,0,0
1,18,21,2,4,1,24,2,1,1,0,0,0,1,1
1,12,22,3,3,2,24,1,1,1,0,0,0,0,0
4,21,127,3,4,4,30,1,1,2,1,0,0,0,1
4,24,25,4,3,2,27,2,1,2,1,0,0,0,0
2,12,12,4,3,1,40,2,1,1,0,0,0,0,0
1,30,31,1,4,2,31,1,1,1,0,0,0,0,1
4,10,29,2,4,1,31,1,1,1,0,1,0,1,0
2,12,36,3,4,3,28,3,1,2,0,0,0,1,0
4,12,17,3,4,1,63,2,1,2,0,0,0,0,0
1,24,28,2,4,1,26,1,1,1,0,1,0,1,0
1,36,81,2,2,4,25,2,1,2,0,0,0,0,1
4,21,33,3,4,3,36,1,1,2,0,1,0,0,0
4,24,22,3,4,2,52,2,1,1,0,0,0,0,0
3,12,15,3,4,4,66,3,1,1,1,0,0,0,0
1,24,14,2,4,1,25,1,1,1,1,0,0,1,1
4,36,35,3,4,3,37,2,1,2,1,0,0,0,0
1,18,35,2,1,1,25,1,1,1,0,0,0,0,0
4,36,57,3,2,3,38,2,1,2,0,1,0,0,0
2,18,39,2,4,3,67,1,1,2,0,0,0,0,0
2,39,49,3,2,1,25,2,1,1,0,0,0,0,1
4,24,19,3,4,1,60,1,1,2,1,0,0,0,0
2,12,14,3,2,1,31,1,1,2,0,0,0,0,0
2,12,8,2,2,2,23,1,1,1,1,0,0,0,1
2,20,65,1,4,1,60,1,1,2,0,1,0,0,0
2,18,19,3,2,2,35,1,1,2,0,0,0,0,0
4,22,27,3,4,3,40,1,1,1,0,0,0,0,0
4,48,28,3,3,3,38,2,2,2,0,1,0,0,0
2,48,62,3,4,4,50,1,1,1,0,0,0,0,1
1,40,60,3,3,4,27,1,1,2,0,0,0,0,1
2,21,12,2,4,2,39,1,2,1,0,0,0,0,1
4,24,63,3,4,3,41,1,2,2,0,1,0,0,0
4,6,12,4,2,2,27,2,1,1,0,0,0,0,0
3,24,29,1,4,4,51,1,1,1,0,0,0,0,0
4,24,31,3,3,4,32,1,1,2,0,0,0,1,0
4,9,23,2,4,2,22,1,1,1,0,0,0,1,0
1,18,75,3,4,2,51,1,2,2,0,1,0,0,1
4,12,13,2,4,2,22,2,1,1,0,0,0,1,0
4,24,7,4,4,3,54,2,1,2,1,0,0,0,0
2,9,15,3,2,1,35,1,1,1,1,0,0,0,0
4,24,16,3,4,4,54,2,2,1,0,0,0,0,0
2,18,18,2,4,1,48,2,1,2,0,0,0,1,0
1,20,43,2,4,2,24,2,1,1,0,0,0,0,0
4,12,10,3,4,3,35,2,1,1,0,0,0,0,0
2,12,75,2,2,1,24,1,1,1,1,0,0,1,0
1,36,93,3,1,3,24,1,1,2,1,0,0,0,1
2,6,6,4,3,1,26,1,1,1,0,0,0,0,0
4,12,9,3,4,1,65,4,1,1,0,0,0,0,0
2,42,93,3,2,4,55,1,1,2,0,1,0,0,0
2,15,18,2,1,1,26,2,1,1,1,0,0,1,1
2,8,9,4,2,1,26,1,1,2,0,0,0,0,0
2,6,5,4,3,1,28,1,1,1,0,0,0,0,0
1,36,96,3,4,3,24,2,1,2,0,1,0,0,1
1,48,31,3,4,3,54,1,1,1,0,0,0,0,1
1,48,39,3,4,4,46,1,2,1,1,0,0,0,1
2,36,74,2,2,2,54,1,1,1,1,0,0,1,0
4,6,13,1,4,1,62,1,1,1,0,0,0,0,0
4,6,16,2,2,3,24,2,1,2,0,0,0,1,0
1,36,159,1,3,3,43,1,1,1,0,0,1,0,0
1,18,13,4,3,1,26,1,1,1,0,0,0,0,1
4,12,11,4,2,1,27,2,1,2,1,0,0,0,0
3,12,30,4,1,3,24,1,1,1,0,0,0,0,0
1,36,27,3,2,2,41,1,2,1,0,0,0,0,1
1,8,7,3,4,1,47,2,1,1,1,0,0,0,0
4,18,38,1,2,3,35,2,1,2,0,0,0,0,0
1,21,16,4,3,3,30,2,1,2,1,0,0,0,0
1,18,40,2,4,1,33,3,1,2,1,0,0,1,1
4,18,42,3,2,3,36,2,2,1,0,0,0,0,1
1,36,83,3,4,4,47,1,1,1,0,1,0,0,1
2,48,67,3,4,4,38,1,2,2,0,0,0,0,0
4,24,24,3,2,3,44,2,2,2,0,0,0,0,0
1,18,12,2,3,3,23,1,1,2,1,0,0,1,1
1,45,118,3,4,3,29,2,1,1,0,0,0,1,1
2,24,51,2,4,3,42,1,1,2,0,0,0,0,0
3,15,23,2,3,1,25,1,1,1,0,0,0,0,1
1,12,11,3,4,3,48,2,1,1,1,0,0,0,1
4,12,9,2,2,3,21,1,1,1,0,0,0,0,0
4,4,6,2,3,1,23,1,2,1,0,0,0,1,0
1,24,30,3,4,2,63,2,1,2,0,1,0,0,0
4,24,26,4,3,1,46,2,1,1,0,0,1,0,0
1,36,52,3,2,2,29,1,1,1,0,0,0,0,1
4,21,30,3,2,1,28,2,1,1,0,1,0,0,0
4,18,19,2,4,1,23,1,1,1,0,0,0,0,1
4,24,16,3,4,3,50,1,1,2,0,0,0,0,0
4,18,34,3,4,2,47,3,2,2,0,0,0,0,0
2,21,40,3,3,3,35,1,1,2,0,0,0,0,0
4,18,68,3,4,3,68,2,1,1,1,0,0,1,1
4,24,12,4,2,1,28,1,1,1,1,0,0,0,0
1,9,14,3,4,1,59,1,1,1,0,0,0,0,0
1,12,7,3,4,1,57,1,1,1,0,0,0,0,1
1,20,22,4,2,2,33,2,1,1,1,0,0,1,1
4,24,40,3,4,2,43,2,1,2,0,1,0,0,0
4,15,15,3,4,4,35,2,1,2,0,0,0,0,0
1,18,14,3,4,4,32,2,2,1,1,0,0,0,1
4,36,109,3,2,3,45,2,2,2,1,0,0,0,0
4,24,15,4,3,1,33,1,1,2,1,0,0,0,0
4,10,9,2,3,2,40,1,1,2,0,0,0,0,0
4,15,33,3,2,4,28,1,1,2,0,0,0,0,0
1,15,40,2,2,2,29,1,1,2,1,0,0,0,1
4,9,36,3,2,1,26,1,2,1,1,0,0,1,0
4,24,58,3,2,1,27,2,1,1,0,1,0,0,0
4,18,22,4,2,3,28,1,1,2,0,0,0,0,1
1,24,24,2,4,1,35,1,1,2,0,0,0,0,1
4,27,45,3,2,1,32,2,2,2,0,0,0,0,0
4,10,22,3,2,1,25,1,1,1,0,0,0,1,1
4,15,22,2,4,3,20,1,1,1,0,0,0,1,0
1,18,24,2,1,3,27,1,1,1,0,0,0,0,0
4,12,33,3,4,2,42,1,1,1,0,0,0,0,0
4,36,74,3,2,2,37,2,1,1,0,0,0,0,0
1,12,7,2,4,2,24,1,1,1,0,0,0,1,0
4,36,77,2,4,3,40,2,1,2,0,0,0,0,0
3,6,13,3,4,1,46,2,2,1,1,0,0,0,0
1,24,14,3,1,1,26,2,1,2,0,0,0,0,0
4,15,9,2,1,1,24,1,1,1,0,0,0,0,0
1,12,36,3,2,2,29,1,2,1,0,0,1,0,0
2,11,13,2,4,3,40,2,1,1,1,0,0,0,0
1,18,19,3,4,4,36,1,1,2,0,0,1,0,0
4,36,36,3,2,3,28,1,1,1,0,0,0,0,0
1,9,14,3,2,4,27,1,1,2,1,0,0,0,1
4,30,67,3,3,2,36,2,1,1,0,0,0,0,0
4,24,78,3,3,3,38,1,1,2,0,1,0,0,0
4,24,93,1,4,4,48,1,1,2,0,1,0,0,0
2,30,22,3,4,1,36,2,1,1,1,0,0,0,0
4,18,11,2,4,3,65,2,1,1,0,0,0,0,0
2,24,41,1,3,3,43,1,1,2,0,0,0,0,1
1,12,8,2,4,2,53,1,1,1,0,0,0,0,1
2,24,28,3,3,4,34,2,2,2,0,0,0,0,0
2,48,157,3,2,3,23,1,1,2,0,0,0,0,1
4,36,66,3,4,3,34,2,1,2,1,0,0,0,0
4,28,78,3,4,1,40,2,2,2,0,1,0,1,0
1,27,24,3,4,3,43,4,2,2,0,0,0,0,0
4,15,18,3,4,3,46,2,1,2,0,0,0,0,0
1,12,22,3,4,2,38,2,1,1,1,0,0,0,0
2,36,58,3,4,3,34,2,1,2,0,1,0,0,0
4,18,12,3,3,2,29,2,1,2,0,0,0,0,0
4,36,89,3,2,3,31,1,2,2,0,1,0,0,0
1,21,26,2,4,2,28,1,1,2,0,0,0,1,0
4,12,16,2,2,2,35,1,1,1,0,0,0,0,0
4,15,22,2,4,1,33,1,1,1,0,0,0,1,0
1,18,42,3,3,3,42,1,1,1,0,0,1,0,1
1,16,26,3,4,2,43,1,1,2,1,0,0,1,1
4,20,35,1,4,1,44,2,1,2,1,0,0,0,0
4,36,105,3,4,4,42,2,1,1,0,1,0,0,0
4,15,14,4,2,1,40,1,1,2,0,0,0,1,0
4,24,13,3,1,1,36,1,1,2,0,0,0,0,0
1,12,11,3,2,1,20,1,2,2,0,0,0,1,0
1,21,38,3,2,1,24,1,1,1,1,0,1,0,0
2,36,37,4,2,3,27,1,1,1,0,0,0,0,0
4,15,36,2,2,2,46,2,1,1,0,1,0,0,0
2,9,32,2,2,1,33,1,1,1,1,0,0,0,0
4,36,45,2,4,1,34,2,1,1,0,0,0,0,0
2,24,47,2,4,3,25,1,1,1,0,0,0,0,1
2,30,30,2,4,3,25,1,1,1,0,0,0,0,0
4,11,21,1,2,1,28,1,1,2,0,0,0,0,0
1,24,32,3,2,2,31,1,1,2,0,0,0,1,1
2,48,184,2,2,2,32,1,1,2,0,0,0,0,1
4,10,28,3,2,1,32,1,2,1,0,1,1,0,0
1,6,149,3,4,4,68,1,1,2,1,0,0,0,1
1,24,24,1,1,2,33,1,1,1,0,0,0,0,1
1,24,33,3,2,2,39,1,1,2,0,0,0,1,1
4,18,18,2,2,4,28,2,1,1,0,0,0,0,0
4,48,127,3,1,3,37,1,1,2,0,0,0,0,0
1,9,14,2,4,2,22,1,1,1,0,0,0,1,1
2,12,20,3,4,2,30,1,2,2,1,0,0,1,0
1,24,69,1,1,2,55,1,1,2,0,0,0,0,1
1,12,7,3,2,3,46,2,1,2,1,0,0,0,1
1,18,10,2,4,2,21,1,1,1,0,0,0,1,0
1,48,103,3,4,4,39,3,2,2,0,1,0,0,1
4,30,19,3,4,3,58,1,1,2,0,0,0,0,0
1,12,13,3,2,1,43,2,2,1,1,0,0,0,0
1,24,17,3,1,2,24,1,1,1,0,0,1,0,0
2,9,17,2,2,3,22,1,1,2,0,0,0,0,1
4,9,12,3,1,1,30,2,1,1,1,0,0,0,0
4,12,5,3,4,2,42,2,2,2,0,0,0,0,0
1,12,15,2,1,3,23,1,1,1,0,0,0,0,0
2,30,19,3,3,4,30,2,1,1,0,0,0,0,1
3,9,7,2,2,1,28,1,1,1,0,0,0,0,1
2,6,21,4,3,3,30,1,1,2,0,0,0,1,0
2,60,63,3,4,4,42,1,1,1,0,0,0,0,1
4,24,68,3,4,2,46,2,2,2,0,1,0,0,0
4,12,35,3,3,2,45,1,2,2,1,0,0,0,0
4,10,15,3,2,1,31,1,2,1,1,0,0,0,0
4,24,9,3,2,3,31,1,1,2,0,0,0,0,0
4,4,15,3,1,1,42,3,2,1,1,0,0,0,0
1,15,18,2,1,2,46,1,1,1,0,0,0,1,0
2,48,84,2,1,3,30,2,1,1,1,0,0,0,0
1,24,33,3,4,4,30,1,2,2,0,0,0,0,1
4,12,29,3,4,4,38,1,1,2,1,0,0,0,0
4,18,15,4,1,2,43,1,2,1,0,0,1,0,1
4,24,36,3,4,3,31,2,1,1,0,0,0,0,1
2,18,36,4,3,3,40,3,2,2,0,0,0,0,0
1,36,21,3,1,3,24,2,1,2,0,0,0,0,1
2,24,41,2,4,3,28,1,1,1,0,1,0,1,1
4,36,110,2,2,3,26,2,1,2,0,0,0,0,1
1,12,19,2,4,2,29,1,1,2,1,0,0,0,0
1,24,12,2,4,2,57,2,1,2,0,0,0,1,0
3,30,37,3,4,2,49,2,1,1,0,0,0,0,0
2,9,12,3,4,1,37,3,1,1,0,0,0,0,0
1,28,40,3,2,3,45,1,1,1,1,0,0,0,1
2,24,31,3,4,4,30,1,1,1,0,0,0,0,0
4,6,17,4,2,1,30,2,1,1,0,0,0,1,0
2,21,24,1,4,2,47,2,1,1,1,0,0,0,0
4,15,36,3,2,4,29,1,1,1,1,0,0,0,0
4,24,24,3,2,3,35,2,1,2,0,0,0,0,1
2,6,5,4,1,2,22,1,1,1,0,0,0,0,0
2,30,17,2,1,3,26,1,1,1,0,0,0,0,0
2,27,25,3,2,2,23,2,1,1,0,0,0,0,1
4,15,36,2,2,3,54,1,1,2,0,0,0,1,0
4,42,72,4,4,2,29,1,1,2,0,0,0,1,0
1,11,39,3,2,1,40,2,2,1,1,0,0,0,0
2,15,15,3,2,1,22,1,1,1,0,0,0,0,0
4,24,74,3,4,2,43,1,2,1,1,0,0,0,0
1,24,12,2,4,4,29,2,1,1,1,0,1,1,1
1,60,73,3,4,4,36,1,1,1,0,0,1,1,1
4,30,28,2,2,3,33,1,1,2,0,0,0,0,0
3,24,13,2,3,3,57,1,1,1,0,0,0,0,0
2,6,8,2,3,1,64,1,1,1,0,0,0,0,0
2,18,24,3,2,2,42,2,1,1,0,0,0,0,0
4,24,25,3,4,3,47,2,2,1,1,0,0,0,1
2,15,13,4,2,2,25,1,1,1,1,0,0,1,1
2,30,84,3,2,2,49,1,1,1,0,0,0,0,1
4,48,48,3,2,3,33,1,1,2,0,0,0,1,1
3,21,29,2,1,3,28,1,1,2,1,0,0,0,0
1,36,82,3,2,2,26,1,2,1,0,1,0,0,1
4,24,20,3,2,2,30,2,1,1,0,0,0,0,0
1,15,14,2,3,2,25,2,1,1,0,0,0,1,0
3,42,63,1,1,2,33,2,1,1,0,0,0,0,0
4,13,14,2,4,1,64,1,1,1,0,0,0,0,0
1,24,66,3,2,4,29,1,1,2,0,1,0,0,0
2,24,17,3,2,2,48,2,1,1,0,0,0,0,0
4,12,36,3,1,2,37,2,2,1,0,0,0,0,0
4,15,16,3,4,3,34,1,2,1,0,0,0,0,0
1,18,19,4,4,3,23,2,1,1,0,0,0,1,0
1,36,40,3,3,2,30,1,1,2,0,0,0,0,0
4,12,24,3,3,3,50,1,1,2,1,0,0,0,0
4,12,17,2,4,1,31,1,1,1,0,0,0,0,0
1,30,39,1,4,2,40,1,1,2,0,1,0,0,0
4,12,8,3,4,3,38,1,1,1,0,0,0,0,0
1,45,18,3,4,4,23,1,1,2,0,0,0,0,1
4.152,41.716,65.33,5.358,5.682,4.71,71.038,2.812,2.308,2.806,0.468,0.204,0.082,0.358,1
4.152,35.716,53.33,2.358,1.682,3.71,4.038,0.812,1.308,0.806,0.468,0.204,0.082,0.358,1
1.152,29.716,44.33,2.358,2.682,3.71,22.038,1.812,0.308,1.806,0.468,0.204,0.082,0.358,1
4.152,-0.284,-13.67,2.358,1.682,2.71,26.038,1.812,0.308,1.806,0.468,0.204,0.082,0.358,1
1.152,5.716,-25.67,2.358,1.682,0.71,36.038,1.812,0.308,0.806,0.468,0.204,0.082,0.358,1
1.152,17.716,37.33,2.358,1.682,2.71,18.038,1.812,1.308,1.806,0.468,0.204,0.082,0.358,1
3.152,5.716,-3.67,2.358,3.682,1.71,36.038,1.812,1.308,0.806,0.468,-0.796,0.082,-0.642,1
1.152,29.716,34.33,4.358,1.682,3.71,10.038,1.812,1.308,1.806,0.468,0.204,0.082,0.358,1
3.152,29.716,49.33,3.358,4.682,1.71,49.038,1.812,1.308,0.806,0.468,0.204,0.082,0.358,1
4.152,26.716,51.33,3.358,1.682,1.71,43.038,1.812,1.308,1.806,-0.532,0.204,0.082,-0.642,1
1.152,17.716,41.33,2.358,1.682,2.71,18.038,0.812,1.308,1.806,0.468,0.204,0.082,0.358,1
4.152,11.716,-15.67,2.358,2.682,1.71,46.038,-0.188,1.308,1.806,0.468,0.204,0.082,0.358,1
1.152,17.716,31.33,2.358,3.682,1.71,40.038,1.812,0.308,0.806,0.468,0.204,0.082,0.358,1
1.152,32.716,44.33,2.358,1.682,1.71,23.038,-0.188,1.308,0.806,-0.532,0.204,0.082,0.358,1
4.152,35.716,39.33,2.358,2.682,3.71,27.038,1.812,0.308,1.806,0.468,0.204,0.082,-0.642,1
4.152,31.716,43.33,2.358,2.682,3.71,23.038,0.812,0.308,1.806,-0.532,0.204,0.082,-0.642,1
3.152,29.716,47.33,2.358,1.682,2.71,27.038,1.812,1.308,1.806,0.468,-0.796,0.082,0.358,1
1.152,31.716,44.33,1.358,4.682,1.71,45.038,0.812,1.308,1.806,0.468,0.204,0.082,0.358,1
4.152,35.716,51.33,2.358,3.682,3.71,35.038,1.812,1.308,0.806,0.468,0.204,0.082,0.358,1
1.152,35.716,61.33,1.358,1.682,1.71,32.038,1.812,1.308,1.806,0.468,0.204,0.082,0.358,1
2.152,29.716,61.33,3.358,2.682,3.71,29.038,0.812,1.308,1.806,0.468,0.204,0.082,-0.642,1
3.152,34.716,41.33,2.358,3.682,3.71,37.038,1.812,1.308,1.806,0.468,0.204,0.082,0.358,1
3.152,23.716,46.33,1.358,2.682,3.71,35.038,1.812,1.308,0.806,0.468,0.204,0.082,0.358,1
4.152,17.716,25.33,2.358,3.682,1.71,44.038,1.812,1.308,1.806,0.468,0.204,0.082,0.358,1
3.152,23.716,6.33,2.358,3.682,1.71,41.038,0.812,1.308,0.806,-0.532,0.204,0.082,0.358,1
1.152,29.716,52.33,2.358,1.682,0.71,14.038,1.812,1.308,1.806,0.468,0.204,0.082,-0.642,1
2.152,29.716,50.33,3.358,4.682,2.71,38.038,1.812,1.308,0.806,0.468,0.204,0.082,0.358,1
1.152,-6.284,4.33,2.358,2.682,0.71,40.038,1.812,1.308,0.806,0.468,0.204,0.082,0.358,1
2.152,31.716,53.33,2.358,3.682,1.71,34.038,1.812,1.308,0.806,0.468,0.204,0.082,0.358,1
3.152,32.716,60.33,2.358,2.682,3.71,47.038,1.812,1.308,1.806,0.468,0.204,0.082,0.358,1
1.152,11.716,42.33,2.358,3.682,1.71,41.038,1.812,1.308,1.806,0.468,0.204,0.082,0.358,1
3.152,29.716,53.33,4.358,4.682,1.71,45.038,1.812,1.308,0.806,0.468,0.204,0.082,0.358,1
3.152,23.716,3.33,2.358,1.682,3.71,27.038,1.812,0.308,0.806,0.468,0.204,0.082,0.358,1
4.152,11.716,3.33,1.358,1.682,1.71,47.038,0.812,1.308,1.806,0.468,-0.796,0.082,-0.642,1
1.152,30.716,51.33,3.358,1.682,1.71,36.038,0.812,1.308,1.806,-0.532,0.204,0.082,0.358,1
1.152,5.716,42.33,2.358,1.682,1.71,32.038,1.812,1.308,1.806,0.468,0.204,0.082,0.358,1
4.152,35.716,51.33,3.358,3.682,2.71,48.038,1.812,1.308,0.806,0.468,-0.796,0.082,-0.642,1
1.152,30.716,-6.67,2.358,1.682,2.71,32.038,0.812,1.308,1.806,-0.532,0.204,0.082,0.358,1
1.152,29.716,44.33,3.358,3.682,3.71,43.038,1.812,1.308,1.806,0.468,0.204,-0.918,0.358,1
3.152,17.716,42.33,2.358,3.682,2.71,42.038,1.812,1.308,1.806,0.468,0.204,0.082,0.358,1
3.152,14.716,5.33,2.358,3.682,1.71,41.038,0.812,1.308,0.806,0.468,-0.796,0.082,0.358,1
1.152,29.716,52.33,2.358,3.682,1.71,46.038,1.812,1.308,1.806,0.468,0.204,0.082,0.358,1
1.152,23.716,31.33,2.358,4.682,2.71,40.038,1.812,1.308,0.806,0.468,-0.796,0.082,0.358,1
1.152,35.716,57.33,2.358,3.682,3.71,45.038,1.812,0.308,1.806,-0.532,0.204,0.082,0.358,1
1.152,5.716,-30.67,3.358,3.682,1.71,40.038,0.812,1.308,1.806,0.468,0.204,0.082,0.358,1
2.152,23.716,45.33,3.358,3.682,1.71,48.038,1.812,1.308,1.806,-0.532,0.204,0.082,0.358,1
3.152,32.716,51.33,1.358,4.682,3.71,44.038,1.812,1.308,0.806,0.468,0.204,0.082,0.358,1
3.152,26.716,50.33,2.358,1.682,3.71,21.038,0.812,1.308,0.806,0.468,0.204,0.082,0.358,1
1.152,17.716,33.33,3.358,1.682,2.71,45.038,1.812,1.308,0.806,0.468,0.204,0.082,0.358,1
1.152,14.716,13.33,2.358,1.682,2.71,23.038,-1.188,0.308,0.806,0.468,0.204,0.082,0.358,1
1.152,29.716,43.33,3.358,3.682,1.71,42.038,1.812,1.308,1.806,0.468,0.204,0.082,0.358,1
3.152,29.716,55.33,1.358,4.682,3.71,49.038,1.812,1.308,1.806,-0.532,0.204,0.082,0.358,1
1.152,5.716,41.33,3.358,1.682,1.71,46.038,1.812,1.308,1.806,0.468,0.204,0.082,0.358,1
1.152,5.716,-15.67,3.358,3.682,2.71,41.038,1.812,1.308,1.806,0.468,-0.796,0.082,0.358,1
1.152,34.716,58.33,2.358,3.682,2.71,25.038,0.812,1.308,0.806,0.468,0.204,0.082,-0.642,1
4.152,33.716,53.33,2.358,1.682,0.71,20.038,0.812,0.308,0.806,0.468,0.204,0.082,0.358,1
3.152,-0.284,5.33,3.358,4.682,3.71,30.038,0.812,1.308,1.806,0.468,0.204,0.082,0.358,1
4.152,29.716,50.33,2.358,1.682,0.71,5.038,0.812,1.308,1.806,0.468,-0.796,0.082,0.358,1
3.152,30.716,17.33,2.358,1.682,2.71,20.038,1.812,1.308,1.806,0.468,0.204,0.082,0.358,1
1.152,-12.284,-28.67,2.358,3.682,2.71,32.038,1.812,0.308,1.806,0.468,-0.796,0.082,0.358,1
3.152,11.716,27.33,1.358,4.682,2.71,49.038,1.812,1.308,1.806,0.468,0.204,0.082,0.358,1
1.152,26.716,53.33,2.358,2.682,2.71,24.038,1.812,1.308,0.806,0.468,0.204,0.082,0.358,1
1.152,23.716,49.33,3.358,1.682,2.71,47.038,1.812,1.308,1.806,0.468,0.204,0.082,-0.642,1
4.152,17.716,47.33,3.358,1.682,3.71,13.038,1.812,1.308,0.806,0.468,0.204,0.082,0.358,1
4.152,31.716,42.33,2.358,1.682,3.71,19.038,1.812,1.308,1.806,0.468,0.204,0.082,0.358,1
1.152,29.716,51.33,3.358,3.682,3.71,42.038,0.812,1.308,0.806,0.468,0.204,0.082,0.358,1
3.152,23.716,52.33,3.358,4.682,2.71,44.038,0.812,1.308,1.806,0.468,0.204,0.082,0.358,1
4.152,23.716,43.33,2.358,2.682,1.71,41.038,1.812,0.308,0.806,-0.532,0.204,0.082,0.358,1
1.152,29.716,59.33,2.358,1.682,3.71,15.038,1.812,1.308,1.806,0.468,0.204,0.082,0.358,1
4.152,29.716,51.33,2.358,2.682,3.71,17.038,1.812,1.308,1.806,0.468,-0.796,0.082,0.358,1
2.152,17.716,29.33,2.358,1.682,0.71,51.038,0.812,1.308,1.806,0.468,0.204,-0.918,-0.642,1
3.152,29.716,52.33,2.358,1.682,3.71,17.038,1.812,1.308,0.806,-0.532,0.204,0.082,0.358,1
1.152,29.716,45.33,3.358,3.682,1.71,10.038,1.812,1.308,1.806,0.468,0.204,0.082,0.358,1
3.152,23.716,39.33,2.358,1.682,1.71,37.038,1.812,1.308,1.806,0.468,0.204,0.082,0.358,1
3.152,5.716,42.33,2.358,1.682,3.71,35.038,1.812,1.308,1.806,0.468,0.204,0.082,0.358,1
3.152,21.716,-5.67,2.358,1.682,2.71,35.038,0.812,0.308,0.806,0.468,-0.796,0.082,-0.642,1
1.152,17.716,50.33,1.358,1.682,3.71,30.038,1.812,1.308,1.806,-0.532,0.204,0.082,-0.642,1
3.152,5.716,42.33,2.358,1.682,1.71,47.038,1.812,1.308,1.806,0.468,0.204,0.082,-0.642,1
1.152,35.716,56.33,3.358,3.682,3.71,47.038,1.812,1.308,1.806,0.468,0.204,0.082,0.358,1
3.152,32.716,46.33,2.358,2.682,1.71,36.038,1.812,1.308,0.806,0.468,0.204,0.082,-0.642,1
1.152,29.716,41.33,1.358,1.682,1.71,45.038,1.812,1.308,0.806,0.468,-0.796,0.082,-0.642,1
3.152,29.716,4.33,2.358,3.682,1.71,39.038,1.812,1.308,1.806,-0.532,0.204,0.082,0.358,1
4.152,17.716,-11.67,3.358,3.682,2.71,41.038,1.812,1.308,0.806,0.468,0.204,0.082,0.358,1
3.152,27.716,51.33,1.358,3.682,3.71,36.038,1.812,1.308,0.806,0.468,0.204,0.082,0.358,1
3.152,35.716,51.33,4.358,3.682,1.71,40.038,0.812,0.308,1.806,0.468,0.204,0.082,0.358,1
2.152,26.716,61.33,3.358,1.682,2.71,48.038,1.812,1.308,0.806,0.468,0.204,0.082,-0.642,1
3.152,23.716,2.33,2.358,2.682,3.71,43.038,1.812,1.308,1.806,-0.532,0.204,0.082,-0.642,1
4.152,29.716,48.33,1.358,4.682,3.71,36.038,1.812,1.308,1.806,0.468,0.204,0.082,0.358,1
1.152,-6.284,29.33,2.358,4.682,3.71,24.038,1.812,1.308,0.806,0.468,0.204,0.082,0.358,1
4.152,31.716,44.33,3.358,2.682,3.71,44.038,0.812,1.308,1.806,0.468,0.204,-0.918,-0.642,1
3.152,29.716,41.33,4.358,2.682,1.71,35.038,1.812,1.308,0.806,-0.532,0.204,0.082,0.358,1
1.152,17.716,26.33,3.358,3.682,1.71,30.038,0.812,1.308,0.806,0.468,-0.796,0.082,-0.642,1
1.152,29.716,47.33,2.358,3.682,3.71,47.038,1.812,1.308,1.806,0.468,0.204,0.082,-0.642,1
2.152,31.716,57.33,2.358,1.682,0.71,8.038,0.812,1.308,0.806,-0.532,0.204,0.082,0.358,1
4.152,29.716,44.33,2.358,3.682,2.71,41.038,0.812,1.308,1.806,-0.532,0.204,0.082,0.358,1
4.152,29.716,58.33,1.358,3.682,3.71,31.038,1.812,1.308,1.806,0.468,0.204,0.082,0.358,1
3.152,29.716,46.33,2.358,3.682,1.71,37.038,0.812,1.308,0.806,0.468,-0.796,0.082,0.358,1
3.152,-6.284,-19.67,3.358,3.682,1.71,47.038,1.812,1.308,1.806,-0.532,0.204,0.082,0.358,1
1.152,26.716,38.33,2.358,2.682,2.71,44.038,0.812,1.308,1.806,0.468,0.204,0.082,0.358,1
1.152,23.716,45.33,2.358,1.682,0.71,24.038,0.812,1.308,1.806,0.468,0.204,0.082,0.358,1
1.152,-18.284,-35.67,3.358,1.682,3.71,50.038,1.812,1.308,0.806,0.468,0.204,0.082,0.358,1
1.152,29.716,53.33,3.358,3.682,3.71,33.038,0.812,1.308,0.806,0.468,0.204,0.082,0.358,1
1.152,14.716,-20.67,2.358,3.682,1.71,44.038,0.812,1.308,1.806,0.468,-0.796,0.082,0.358,1
3.152,26.716,38.33,2.358,3.682,3.71,36.038,-0.188,1.308,0.806,0.468,0.204,0.082,0.358,1
2.152,29.716,46.33,3.358,3.682,1.71,27.038,1.812,1.308,0.806,0.468,0.204,0.082,-0.642,1
2.152,35.716,58.33,1.358,3.682,3.71,44.038,1.812,1.308,1.806,-0.532,0.204,0.082,0.358,1
3.152,5.716,17.33,3.358,4.682,0.71,41.038,1.812,1.308,0.806,0.468,0.204,0.082,0.358,1
4.152,14.716,31.33,2.358,3.682,1.71,44.038,1.812,1.308,1.806,0.468,0.204,0.082,0.358,1
1.152,20.716,42.33,3.358,1.682,2.71,48.038,1.812,1.308,0.806,0.468,0.204,0.082,0.358,1
3.152,-6.284,29.33,2.358,3.682,1.71,41.038,1.812,1.308,1.806,0.468,0.204,0.082,0.358,1
4.152,35.716,56.33,3.358,1.682,0.71,32.038,0.812,1.308,0.806,-0.532,0.204,0.082,0.358,1
1.152,29.716,58.33,3.358,2.682,1.71,20.038,0.812,1.308,0.806,-0.532,0.204,0.082,0.358,1
4.152,5.716,11.33,2.358,3.682,2.71,43.038,0.812,1.308,1.806,0.468,0.204,0.082,0.358,1
1.152,23.716,49.33,2.358,1.682,1.71,25.038,0.812,1.308,1.806,0.468,0.204,0.082,0.358,1
1.152,35.716,52.33,2.358,1.682,0.71,29.038,1.812,0.308,0.806,0.468,0.204,0.082,0.358,1
1.152,31.716,46.33,2.358,1.682,2.71,33.038,1.812,1.308,0.806,0.468,0.204,0.082,0.358,1
2.152,5.716,7.33,2.358,4.682,1.71,47.038,1.812,1.308,1.806,0.468,0.204,0.082,0.358,1
3.152,17.716,-12.67,3.358,1.682,0.71,42.038,1.812,1.308,1.806,0.468,-0.796,0.082,-0.642,1
3.152,17.716,-4.67,2.358,1.682,1.71,35.038,1.812,1.308,0.806,0.468,0.204,0.082,-0.642,1
4.152,32.716,52.33,2.358,1.682,3.71,23.038,0.812,0.308,1.806,0.468,0.204,0.082,0.358,1
4.152,29.716,62.33,1.358,4.682,1.71,26.038,1.812,1.308,1.806,0.468,0.204,0.082,0.358,1
3.152,17.716,30.33,2.358,2.682,1.71,33.038,0.812,1.308,0.806,-0.532,0.204,0.082,0.358,1
1.152,35.716,46.33,2.358,3.682,3.71,37.038,0.812,0.308,1.806,0.468,0.204,0.082,0.358,1
1.152,17.716,36.33,2.358,1.682,3.71,35.038,1.812,0.308,0.806,0.468,0.204,0.082,0.358,1
1.152,23.716,54.33,3.358,4.682,2.71,41.038,0.812,1.308,1.806,-0.532,0.204,0.082,0.358,1
1.152,26.716,52.33,2.358,2.682,2.71,35.038,0.812,1.308,0.806,0.468,0.204,0.082,0.358,1
3.152,31.716,-7.67,2.358,1.682,0.71,1.038,1.812,1.308,0.806,-0.532,0.204,0.082,0.358,1
1.152,5.716,56.33,2.358,1.682,2.71,35.038,1.812,1.308,1.806,-0.532,0.204,0.082,0.358,1
1.152,35.716,35.33,2.358,3.682,1.71,39.038,1.812,1.308,0.806,0.468,0.204,0.082,0.358,1
3.152,30.716,49.33,3.358,4.682,3.71,51.038,1.812,1.308,1.806,0.468,0.204,0.082,0.358,1
1.152,17.716,25.33,3.358,1.682,2.71,46.038,1.812,1.308,0.806,0.468,0.204,0.082,-0.642,1
1.152,29.716,57.33,3.358,4.682,3.71,45.038,1.812,1.308,0.806,0.468,0.204,0.082,0.358,1
3.152,33.716,51.33,2.358,3.682,3.71,38.038,1.812,1.308,1.806,0.468,0.204,0.082,0.358,1
4.152,29.716,39.33,4.358,4.682,1.71,29.038,1.812,1.308,1.806,0.468,0.204,0.082,0.358,1
4.152,35.716,62.33,2.358,1.682,1.71,19.038,0.812,1.308,1.806,0.468,0.204,0.082,0.358,1
1.152,29.716,45.33,2.358,3.682,1.71,40.038,0.812,0.308,0.806,0.468,0.204,0.082,-0.642,1
4.152,20.716,59.33,2.358,1.682,3.71,6.038,0.812,1.308,1.806,-0.532,0.204,0.082,0.358,1
1.152,17.716,27.33,2.358,1.682,3.71,21.038,1.812,1.308,0.806,0.468,0.204,0.082,0.358,1
1.152,26.716,51.33,2.358,3.682,2.71,40.038,0.812,1.308,1.806,0.468,0.204,0.082,0.358,1
3.152,25.716,53.33,2.358,2.682,1.71,3.038,-0.188,1.308,0.806,-0.532,0.204,0.082,0.358,1
3.152,23.716,33.33,3.358,1.682,1.71,38.038,0.812,1.308,0.806,0.468,0.204,0.082,0.358,1
1.152,35.716,44.33,1.358,3.682,3.71,42.038,1.812,1.308,1.806,0.468,0.204,0.082,-0.642,1
1.152,35.716,51.33,3.358,4.682,1.71,43.038,0.812,1.308,0.806,0.468,0.204,0.082,0.358,1
3.152,17.716,37.33,2.358,1.682,0.71,35.038,1.812,1.308,0.806,0.468,-0.796,0.082,0.358,1
1.152,32.716,56.33,2.358,3.682,1.71,19.038,0.812,1.308,0.806,0.468,0.204,0.082,0.358,1
4.152,29.716,53.33,1.358,2.682,3.71,44.038,1.812,1.308,1.806,-0.532,0.204,0.082,0.358,1
1.152,14.716,14.33,2.358,1.682,1.71,45.038,0.812,1.308,1.806,0.468,0.204,0.082,0.358,1
1.152,29.716,50.33,2.358,4.682,3.71,33.038,0.812,0.308,1.806,-0.532,0.204,0.082,0.358,1
4.152,11.716,-40.67,2.358,1.682,0.71,33.038,-0.188,0.308,0.806,0.468,-0.796,0.082,0.358,1
1.152,29.716,46.33,2.358,1.682,3.71,28.038,-0.188,1.308,0.806,0.468,0.204,0.082,0.358,1
3.152,29.716,51.33,2.358,2.682,2.71,45.038,1.812,1.308,1.806,0.468,0.204,0.082,0.358,1
4.152,17.716,-0.67,1.358,3.682,1.71,50.038,1.812,1.308,1.806,0.468,0.204,0.082,0.358,1
1.152,29.716,51.33,2.358,3.682,2.71,16.038,1.812,1.308,1.806,0.468,-0.796,0.082,0.358,1
1.152,32.716,34.33,2.358,3.682,3.71,38.038,0.812,0.308,1.806,0.468,0.204,0.082,0.358,1
1.152,5.716,27.33,3.358,1.682,3.71,26.038,1.812,1.308,0.806,0.468,0.204,0.082,0.358,1
1.152,5.716,32.33,2.358,3.682,1.71,20.038,1.812,1.308,0.806,0.468,0.204,0.082,0.358,1
3.152,35.716,56.33,3.358,2.682,2.71,32.038,0.812,1.308,1.806,0.468,0.204,0.082,0.358,1
4.152,23.716,34.33,2.358,4.682,2.71,40.038,1.812,1.308,0.806,0.468,0.204,0.082,0.358,1
2.152,5.716,26.33,2.358,3.682,3.71,48.038,1.812,1.308,0.806,0.468,0.204,0.082,0.358,1
4.152,17.716,35.33,4.358,3.682,3.71,47.038,1.812,1.308,1.806,0.468,0.204,0.082,-0.642,1
1.152,31.716,51.33,3.358,1.682,1.71,7.038,1.812,1.308,0.806,-0.532,0.204,0.082,0.358,1
3.152,29.716,59.33,1.358,4.682,3.71,45.038,1.812,1.308,1.806,0.468,0.204,0.082,0.358,1
4.152,29.716,53.33,3.358,1.682,2.71,48.038,1.812,1.308,0.806,0.468,0.204,0.082,-0.642,1
1.152,29.716,58.33,2.358,3.682,3.71,41.038,0.812,1.308,1.806,0.468,0.204,0.082,0.358,1
1.152,17.716,35.33,2.358,1.682,3.71,39.038,0.812,0.308,0.806,0.468,0.204,0.082,0.358,1
1.152,26.716,18.33,2.358,3.682,1.71,41.038,1.812,1.308,0.806,0.468,-0.796,0.082,0.358,1
1.152,5.716,39.33,2.358,3.682,1.71,44.038,0.812,1.308,1.806,0.468,0.204,0.082,0.358,1
4.152,17.716,34.33,2.358,4.682,0.71,49.038,1.812,1.308,1.806,0.468,0.204,0.082,0.358,1
1.152,32.716,40.33,2.358,1.682,0.71,20.038,1.812,1.308,1.806,-0.532,0.204,0.082,0.358,1
1.152,29.716,44.33,2.358,4.682,0.71,36.038,1.812,1.308,1.806,0.468,0.204,0.082,0.358,1
3.152,23.716,56.33,1.358,3.682,3.71,46.038,1.812,1.308,1.806,0.468,0.204,0.082,0.358,1
1.152,37.716,50.33,2.358,4.682,3.71,29.038,-0.188,0.308,1.806,0.468,0.204,0.082,0.358,1
1.152,29.716,52.33,3.358,3.682,2.71,36.038,0.812,1.308,1.806,0.468,0.204,0.082,0.358,1
4.152,11.716,40.33,2.358,2.682,2.71,32.038,1.812,0.308,1.806,0.468,0.204,0.082,0.358,1
1.152,35.716,49.33,2.358,3.682,2.71,20.038,1.812,0.308,1.806,0.468,0.204,0.082,0.358,1
1.152,29.716,53.33,3.358,3.682,3.71,44.038,0.812,1.308,1.806,0.468,0.204,0.082,0.358,1
1.152,29.716,31.33,3.358,2.682,3.71,36.038,1.812,0.308,1.806,0.468,0.204,0.082,0.358,1
1.152,17.716,52.33,2.358,4.682,3.71,46.038,1.812,1.308,0.806,0.468,0.204,0.082,0.358,1
1.152,29.716,58.33,2.358,1.682,3.71,19.038,-0.188,1.308,1.806,0.468,0.204,0.082,0.358,1
1.152,35.716,53.33,2.358,4.682,0.71,36.038,1.812,1.308,1.806,-0.532,0.204,0.082,-0.642,1
2.152,17.716,46.33,2.358,3.682,3.71,45.038,1.812,1.308,1.806,0.468,0.204,0.082,0.358,1
4.152,35.716,58.33,3.358,1.682,3.71,32.038,0.812,1.308,0.806,-0.532,0.204,0.082,0.358,1
2.152,29.716,42.33,3.358,3.682,1.71,25.038,1.812,1.308,1.806,0.468,0.204,0.082,0.358,1
1.152,17.716,23.33,2.358,2.682,2.71,36.038,0.812,1.308,1.806,0.468,0.204,0.082,0.358,1
3.152,32.716,45.33,2.358,4.682,1.71,47.038,1.812,1.308,0.806,0.468,0.204,0.082,0.358,1
3.152,-18.284,-8.67,2.358,4.682,3.71,44.038,1.812,1.308,1.806,0.468,0.204,0.082,0.358,1
1.152,17.716,38.33,2.358,3.682,3.71,36.038,0.812,1.308,1.806,0.468,0.204,0.082,0.358,1
1.152,26.716,27.33,3.358,1.682,1.71,48.038,1.812,1.308,0.806,0.468,-0.796,0.082,0.358,1
1.152,30.716,53.33,3.358,1.682,3.71,14.038,-0.188,1.308,1.806,0.468,0.204,0.082,0.358,1
4.152,29.716,48.33,2.358,3.682,3.71,44.038,1.812,1.308,1.806,0.468,0.204,0.082,0.358,1
4.152,17.716,49.33,3.358,1.682,1.71,16.038,1.812,1.308,1.806,0.468,0.204,0.082,0.358,1
4.152,23.716,12.33,2.358,1.682,0.71,35.038,-0.188,1.308,0.806,-0.532,0.204,0.082,0.358,1
1.152,29.716,38.33,3.358,1.682,0.71,14.038,-0.188,1.308,1.806,0.468,0.204,0.082,0.358,1
1.152,31.716,53.33,2.358,1.682,3.71,39.038,0.812,0.308,1.806,-0.532,0.204,0.082,0.358,1
1.152,5.716,2.33,2.358,1.682,3.71,35.038,0.812,1.308,1.806,0.468,0.204,0.082,0.358,1
1.152,17.716,50.33,3.358,2.682,1.71,33.038,1.812,1.308,0.806,0.468,0.204,0.082,0.358,1
1.152,17.716,55.33,2.358,3.682,1.71,46.038,0.812,1.308,1.806,0.468,0.204,0.082,0.358,1
1.152,23.716,38.33,2.358,2.682,2.71,39.038,1.812,1.308,1.806,-0.532,0.204,0.082,0.358,1
1.152,29.716,51.33,3.358,1.682,1.71,34.038,1.812,1.308,0.806,0.468,0.204,0.082,-0.642,1
3.152,-6.284,-56.67,2.358,1.682,0.71,35.038,1.812,1.308,0.806,-0.532,0.204,-0.918,0.358,1
1.152,32.716,38.33,2.358,3.682,3.71,39.038,1.812,0.308,1.806,0.468,0.204,0.082,0.358,1
1.152,23.716,41.33,3.358,3.682,1.71,45.038,0.812,1.308,1.806,0.468,0.204,0.082,0.358,1
4.152,29.716,52.33,4.358,1.682,2.71,22.038,1.812,1.308,0.806,0.468,0.204,0.082,0.358,1
1.152,17.716,46.33,2.358,1.682,1.71,42.038,1.812,1.308,0.806,0.468,0.204,0.082,-0.642,1
1.152,26.716,31.33,2.358,1.682,0.71,48.038,0.812,1.308,0.806,0.468,-0.796,0.082,-0.642,1
1.152,29.716,49.33,2.358,3.682,3.71,21.038,1.812,1.308,1.806,0.468,0.204,0.082,0.358,1
2.152,23.716,51.33,2.358,1.682,1.71,22.038,1.812,1.308,1.806,0.468,0.204,0.082,0.358,1
1.152,26.716,50.33,2.358,1.682,2.71,8.038,1.812,1.308,1.806,0.468,0.204,0.082,0.358,1
3.152,17.716,26.33,4.358,3.682,1.71,34.038,1.812,1.308,0.806,-0.532,0.204,0.082,0.358,1
4.152,-5.284,-41.67,3.358,4.682,3.71,36.038,1.812,1.308,0.806,-0.532,0.204,0.082,0.358,1
4.152,-6.284,17.33,2.358,2.682,2.71,45.038,1.812,0.308,1.806,0.468,-0.796,0.082,0.358,1
3.152,-6.284,-10.67,2.358,1.682,0.71,40.038,1.812,1.308,0.806,0.468,0.204,0.082,0.358,1
3.152,29.716,54.33,3.358,1.682,3.71,22.038,0.812,1.308,0.806,0.468,0.204,0.082,0.358,1
1.152,29.716,54.33,1.358,3.682,3.71,45.038,1.812,1.308,0.806,0.468,0.204,0.082,0.358,1
4.152,17.716,1.33,3.358,1.682,0.71,27.038,0.812,0.308,0.806,0.468,-0.796,0.082,0.358,1
2.152,-0.284,17.33,2.358,1.682,0.71,15.038,1.812,1.308,1.806,0.468,-0.796,0.082,0.358,1
1.152,-6.284,-10.67,4.358,3.682,1.71,25.038,0.812,0.308,1.806,0.468,0.204,0.082,0.358,1
1.152,29.716,18.33,3.358,1.682,1.71,51.038,1.812,1.308,1.806,0.468,-0.796,0.082,-0.642,1
1.152,31.716,52.33,2.358,3.682,2.71,26.038,1.812,1.308,1.806,-0.532,0.204,-0.918,0.358,1
1.152,23.716,40.33,2.358,1.682,3.71,28.038,1.812,1.308,0.806,0.468,0.204,0.082,0.358,1
3.152,20.716,38.33,2.358,3.682,1.71,39.038,0.812,1.308,0.806,0.468,0.204,0.082,0.358,1
1.152,35.716,58.33,3.358,1.682,3.71,17.038,1.812,1.308,0.806,-0.532,0.204,0.082,0.358,1
4.152,31.716,55.33,2.358,2.682,2.71,22.038,0.812,1.308,0.806,-0.532,0.204,-0.918,0.358,1
1.152,35.716,50.33,4.358,3.682,3.71,38.038,1.812,1.308,1.806,0.468,0.204,0.082,0.358,1
1.152,11.716,17.33,3.358,1.682,2.71,47.038,1.812,1.308,1.806,0.468,-0.796,0.082,-0.642,1
3.152,32.716,62.33,1.358,1.682,3.71,49.038,1.812,1.308,1.806,-0.532,0.204,0.082,-0.642,1
3.152,-6.284,11.33,2.358,1.682,0.71,31.038,1.812,1.308,0.806,0.468,0.204,0.082,0.358,1
1.152,17.716,10.33,2.358,4.682,1.71,46.038,1.812,1.308,1.806,0.468,0.204,0.082,0.358,1
2.152,17.716,28.33,3.358,1.682,1.71,45.038,1.812,1.308,1.806,0.468,0.204,0.082,0.358,1
2.152,37.716,50.33,2.358,3.682,3.71,42.038,1.812,0.308,1.806,-0.532,0.204,0.082,0.358,1
4.152,29.716,58.33,2.358,2.682,2.71,33.038,1.812,0.308,1.806,0.468,0.204,0.082,0.358,1
3.152,17.716,21.33,3.358,1.682,2.71,23.038,1.812,1.308,0.806,0.468,0.204,0.082,0.358,1
1.152,29.716,58.33,2.358,3.682,1.71,39.038,0.812,1.308,1.806,0.468,0.204,0.082,0.358,1
4.152,26.716,29.33,3.358,1.682,2.71,44.038,0.812,1.308,1.806,0.468,0.204,0.082,0.358,1
4.152,17.716,36.33,2.358,4.682,0.71,37.038,1.812,1.308,0.806,0.468,-0.796,0.082,0.358,1
4.152,23.716,38.33,2.358,3.682,1.71,43.038,1.812,1.308,1.806,0.468,0.204,0.082,0.358,1
1.152,23.716,55.33,3.358,2.682,3.71,35.038,0.812,1.308,1.806,-0.532,0.204,0.082,0.358,1
4.152,33.716,31.33,2.358,1.682,3.71,32.038,0.812,1.308,1.806,-0.532,0.204,0.082,0.358,1
1.152,29.716,7.33,2.358,1.682,2.71,22.038,1.812,1.308,0.806,0.468,0.204,0.082,-0.642,1
1.152,17.716,50.33,3.358,2.682,1.71,37.038,1.812,0.308,0.806,-0.532,0.204,0.082,0.358,1
2.152,5.716,20.33,2.358,3.682,1.71,40.038,1.812,1.308,1.806,0.468,0.204,0.082,0.358,1
3.152,35.716,54.33,2.358,1.682,1.71,43.038,1.812,0.308,1.806,0.468,0.204,0.082,0.358,1
4.152,17.716,-0.67,2.358,1.682,0.71,-3.962,0.812,1.308,0.806,0.468,-0.796,0.082,0.358,1
3.152,28.716,44.33,3.358,1.682,2.71,48.038,1.812,1.308,1.806,0.468,0.204,0.082,0.358,1
4.152,17.716,23.33,2.358,1.682,2.71,43.038,1.812,1.308,1.806,0.468,0.204,0.082,0.358,1
3.152,31.716,50.33,4.358,3.682,1.71,40.038,1.812,1.308,1.806,0.468,0.204,0.082,0.358,1
3.152,17.716,8.33,3.358,1.682,0.71,47.038,0.812,1.308,0.806,0.468,0.204,0.082,0.358,1
4.152,20.716,29.33,3.358,1.682,1.71,45.038,1.812,1.308,1.806,0.468,0.204,0.082,-0.642,1
3.152,23.716,33.33,1.358,2.682,3.71,46.038,1.812,1.308,1.806,0.468,0.204,0.082,-0.642,1
3.152,23.716,21.33,2.358,4.682,3.71,38.038,1.812,1.308,0.806,0.468,0.204,-0.918,0.358,1
2.152,31.716,26.33,2.358,4.682,2.71,34.038,1.812,0.308,1.806,-0.532,0.204,0.082,0.358,1
1.152,26.716,50.33,3.358,3.682,1.71,28.038,1.812,1.308,1.806,0.468,0.204,0.082,0.358,1
3.152,28.716,56.33,2.358,1.682,3.71,48.038,0.812,1.308,1.806,0.468,0.204,0.082,0.358,1
3.152,17.716,27.33,3.358,1.682,0.71,48.038,1.812,1.308,1.806,0.468,0.204,0.082,-0.642,1
1.152,35.716,48.33,2.358,3.682,3.71,37.038,0.812,1.308,1.806,0.468,0.204,0.082,0.358,1
1.152,32.716,53.33,3.358,1.682,3.71,48.038,1.812,1.308,0.806,0.468,0.204,0.082,-0.642,1
1.152,23.716,33.33,2.358,1.682,0.71,33.038,1.812,1.308,0.806,0.468,-0.796,0.082,0.358,1
1.152,31.716,58.33,2.358,1.682,0.71,25.038,1.812,1.308,0.806,0.468,0.204,0.082,0.358,1
1.152,29.716,42.33,2.358,1.682,3.71,22.038,1.812,1.308,0.806,0.468,0.204,-0.918,0.358,1
1.152,29.716,57.33,1.358,3.682,3.71,43.038,1.812,1.308,1.806,0.468,0.204,0.082,0.358,1
3.152,23.716,53.33,2.358,1.682,0.71,10.038,1.812,1.308,1.806,0.468,0.204,0.082,0.358,1
2.152,29.716,31.33,2.358,2.682,1.71,34.038,1.812,1.308,1.806,0.468,0.204,0.082,0.358,1
2.152,29.716,43.33,3.358,3.682,1.71,35.038,0.812,1.308,0.806,-0.532,0.204,0.082,0.358,1
1.152,35.716,47.33,1.358,3.682,2.71,50.038,1.812,1.308,1.806,0.468,0.204,0.082,-0.642,1
1.152,29.716,50.33,2.358,1.682,1.71,35.038,1.812,1.308,0.806,0.468,0.204,0.082,0.358,1
1.152,23.716,27.33,2.358,4.682,1.71,44.038,0.812,1.308,1.806,0.468,-0.796,0.082,0.358,1
4.152,23.716,29.33,3.358,1.682,1.71,49.038,1.812,1.308,1.806,0.468,0.204,0.082,-0.642,1
3.152,23.716,35.33,3.358,1.682,3.71,31.038,1.812,1.308,1.806,0.468,0.204,0.082,-0.642,1
1.152,5.716,34.33,2.358,1.682,3.71,35.038,1.812,1.308,1.806,-0.532,0.204,0.082,0.358,1
1.152,23.716,4.33,2.358,1.682,1.71,38.038,0.812,1.308,0.806,0.468,0.204,0.082,0.358,1
1.152,31.716,44.33,3.358,2.682,3.71,48.038,0.812,1.308,1.806,0.468,0.204,0.082,-0.642,1
1.152,-18.284,-72.67,2.358,1.682,0.71,8.038,1.812,1.308,0.806,-0.532,0.204,0.082,0.358,1
1.152,23.716,42.33,1.358,2.682,3.71,37.038,0.812,1.308,1.806,0.468,0.204,0.082,0.358,1
1.152,34.716,57.33,2.358,1.682,0.71,35.038,1.812,1.308,1.806,0.468,0.204,0.082,0.358,1
1.152,35.716,61.33,3.358,1.682,1.71,19.038,0.812,1.308,1.806,-0.532,0.204,0.082,0.358,1
4.152,21.716,43.33,2.358,1.682,1.71,32.038,1.812,1.308,0.806,0.468,0.204,0.082,0.358,1
1.152,19.716,52.33,3.358,1.682,2.71,46.038,1.812,1.308,1.806,-0.532,0.204,0.082,-0.642,1
2.152,29.716,52.33,2.358,4.682,3.71,45.038,1.812,1.308,1.806,-0.532,0.204,0.082,0.358,1
1.152,11.716,22.33,2.358,3.682,2.71,45.038,0.812,1.308,1.806,0.468,0.204,0.082,0.358,1
1.152,23.716,43.33,3.358,4.682,1.71,46.038,0.812,1.308,1.806,0.468,0.204,0.082,0.358,1
1.152,23.716,54.33,3.358,3.682,3.71,50.038,1.812,1.308,0.806,0.468,0.204,0.082,-0.642,1
3.152,23.716,-8.67,2.358,1.682,2.71,31.038,0.812,1.308,0.806,0.468,0.204,0.082,0.358,1
3.152,26.716,42.33,2.358,1.682,1.71,44.038,1.812,1.308,1.806,0.468,0.204,0.082,0.358,1
1.152,32.716,51.33,3.358,3.682,1.71,44.038,0.812,1.308,1.806,0.468,0.204,0.082,0.358,1
1.152,23.716,47.33,1.358,3.682,2.71,41.038,1.812,1.308,0.806,-0.532,0.204,0.082,0.358,1
3.152,29.716,55.33,3.358,1.682,3.71,52.038,1.812,1.308,1.806,0.468,0.204,0.082,-0.642,1
4.152,5.716,33.33,2.358,1.682,0.71,32.038,1.812,0.308,0.806,-0.532,0.204,0.082,0.358,1
4.152,35.716,45.33,3.358,1.682,1.71,40.038,1.812,1.308,1.806,0.468,0.204,0.082,0.358,1
1.152,32.716,41.33,2.358,2.682,1.71,40.038,1.812,1.308,1.806,0.468,0.204,0.082,0.358,1
3.152,2.716,-52.67,2.358,2.682,0.71,39.038,1.812,1.308,0.806,0.468,0.204,0.082,-0.642,1
4.152,29.716,39.33,3.358,1.682,0.71,16.038,1.812,1.308,1.806,0.468,0.204,0.082,0.358,1
4.152,5.716,42.33,1.358,3.682,2.71,25.038,0.812,1.308,0.806,0.468,0.204,0.082,0.358,1
1.152,17.716,50.33,3.358,4.682,3.71,28.038,0.812,1.308,1.806,0.468,0.204,0.082,0.358,1
1.152,23.716,50.33,1.358,1.682,3.71,32.038,1.812,1.308,0.806,0.468,0.204,0.082,0.358,1
3.152,23.716,46.33,1.358,1.682,3.71,43.038,0.812,1.308,1.806,0.468,0.204,0.082,0.358,1
1.152,27.716,57.33,2.358,3.682,1.71,44.038,0.812,1.308,1.806,-0.532,0.204,0.082,0.358,1
3.152,23.716,36.33,2.358,1.682,1.71,28.038,1.812,0.308,1.806,-0.532,0.204,0.082,0.358,1
1.152,17.716,43.33,2.358,1.682,1.71,28.038,0.812,0.308,0.806,0.468,-0.796,0.082,0.358,1
4.152,26.716,54.33,1.358,3.682,3.71,44.038,1.812,1.308,1.806,0.468,0.204,0.082,0.358,1
1.152,17.716,33.33,4.358,3.682,1.71,45.038,1.812,1.308,0.806,0.468,0.204,0.082,0.358,1
3.152,17.716,45.33,3.358,1.682,1.71,51.038,1.812,1.308,0.806,0.468,0.204,0.082,0.358,1
1.152,8.716,-7.67,2.358,3.682,1.71,36.038,0.812,1.308,0.806,0.468,-0.796,0.082,0.358,1
1.152,31.716,49.33,2.358,3.682,0.71,31.038,1.812,0.308,1.806,-0.532,0.204,0.082,-0.642,1
1.152,5.716,7.33,2.358,3.682,2.71,36.038,0.812,0.308,0.806,0.468,-0.796,0.082,0.358,1
4.152,23.716,-19.67,3.358,3.682,1.71,48.038,0.812,1.308,0.806,0.468,0.204,0.082,-0.642,1
1.152,20.716,37.33,3.358,3.682,1.71,40.038,1.812,1.308,1.806,-0.532,0.204,0.082,0.358,1
1.152,26.716,33.33,3.358,2.682,1.71,51.038,1.812,1.308,1.806,-0.532,0.204,0.082,-0.642,1
3.152,29.716,45.33,2.358,3.682,1.71,41.038,1.812,1.308,1.806,0.468,-0.796,0.082,0.358,1
3.152,29.716,55.33,2.358,2.682,3.71,24.038,0.812,0.308,1.806,-0.532,0.204,0.082,0.358,1
1.152,20.716,49.33,2.358,2.682,3.71,37.038,0.812,1.308,1.806,0.468,0.204,0.082,0.358,1
3.152,23.716,37.33,1.358,2.682,1.71,50.038,1.812,1.308,0.806,0.468,-0.796,0.082,-0.642,1
1.152,13.716,38.33,2.358,3.682,1.71,42.038,0.812,1.308,1.806,0.468,0.204,0.082,0.358,1
1.152,23.716,54.33,2.358,2.682,3.71,25.038,0.812,1.308,1.806,0.468,0.204,0.082,0.358,1
1.152,32.716,52.33,2.358,1.682,1.71,51.038,1.812,1.308,1.806,0.468,0.204,0.082,0.358,1
1.152,36.716,31.33,2.358,1.682,3.71,-2.962,1.812,1.308,1.806,0.468,0.204,0.082,0.358,1
4.152,35.716,46.33,2.358,1.682,0.71,35.038,-0.188,1.308,0.806,0.468,0.204,0.082,0.358,1
1.152,17.716,44.33,4.358,3.682,3.71,38.038,0.812,1.308,0.806,0.468,0.204,0.082,0.358,1
4.152,32.716,44.33,2.358,3.682,3.71,46.038,1.812,1.308,1.806,0.468,0.204,0.082,0.358,1
1.152,35.716,58.33,1.358,1.682,3.71,48.038,1.812,1.308,1.806,0.468,0.204,0.082,-0.642,1
1.152,17.716,52.33,3.358,1.682,3.71,34.038,0.812,1.308,0.806,-0.532,0.204,0.082,0.358,1
4.152,-0.284,31.33,2.358,1.682,1.71,6.038,0.812,1.308,1.806,0.468,0.204,-0.918,0.358,1
1.152,29.716,46.33,2.358,1.682,1.71,32.038,1.812,1.308,0.806,-0.532,0.204,0.082,0.358,1
4.152,29.716,49.33,3.358,2.682,2.71,41.038,1.812,1.308,1.806,0.468,0.204,-0.918,0.358,1
3.152,21.716,39.33,2.358,2.682,1.71,42.038,0.812,1.308,0.806,0.468,0.204,0.082,0.358,1
1.152,32.716,53.33,3.358,1.682,2.71,30.038,0.812,1.308,1.806,0.468,0.204,0.082,-0.642,1
3.152,34.716,39.33,2.358,3.682,3.71,36.038,1.812,1.308,1.806,0.468,0.204,0.082,0.358,1
2.152,29.716,51.33,3.358,1.682,3.71,16.038,1.812,1.308,0.806,0.468,0.204,0.082,0.358,1
1.152,5.716,-45.67,2.358,3.682,1.71,41.038,1.812,1.308,0.806,0.468,-0.796,0.082,0.358,1
1.152,35.716,60.33,3.358,4.682,3.71,42.038,1.812,1.308,1.806,0.468,0.204,0.082,0.358,1
1.152,29.716,37.33,2.358,1.682,2.71,37.038,0.812,1.308,1.806,0.468,0.204,0.082,0.358,1
1.152,17.716,38.33,2.358,1.682,1.71,36.038,1.812,1.308,0.806,0.468,-0.796,0.082,0.358,1
1.152,17.716,38.33,3.358,4.682,0.71,42.038,1.812,1.308,0.806,0.468,-0.796,0.082,0.358,1
4.152,30.716,26.33,2.358,3.682,3.71,35.038,0.812,0.308,1.806,-0.532,0.204,0.082,-0.642,1
4.152,35.716,62.33,3.358,4.682,3.71,44.038,1.812,1.308,1.806,0.468,0.204,0.082,0.358,1
1.152,23.716,19.33,2.358,3.682,1.71,39.038,1.812,1.308,0.806,0.468,0.204,0.082,0.358,1
4.152,5.716,29.33,2.358,3.682,2.71,34.038,1.812,0.308,1.806,0.468,0.204,0.082,0.358,1
4.152,26.716,48.33,2.358,2.682,3.71,35.038,1.812,1.308,1.806,-0.532,0.204,0.082,0.358,1
3.152,29.716,35.33,3.358,4.682,3.71,37.038,1.812,1.308,1.806,0.468,0.204,0.082,-0.642,1
3.152,29.716,57.33,2.358,1.682,2.71,33.038,0.812,1.308,1.806,0.468,0.204,0.082,0.358,1
1.152,23.716,45.33,2.358,4.682,1.71,37.038,0.812,1.308,0.806,0.468,0.204,0.082,0.358,1
4.152,17.716,36.33,2.358,1.682,0.71,8.038,1.812,0.308,0.806,0.468,-0.796,0.082,0.358,1
1.152,-6.284,-6.67,2.358,2.682,1.71,39.038,0.812,0.308,1.806,0.468,0.204,0.082,0.358,1
1.152,8.716,37.33,3.358,3.682,1.71,45.038,0.812,1.308,0.806,0.468,0.204,0.082,0.358,1
1.152,17.716,18.33,2.358,2.682,1.71,36.038,0.812,1.308,0.806,0.468,-0.796,0.082,0.358,1
1.152,35.716,53.33,2.358,1.682,2.71,35.038,1.812,0.308,0.806,0.468,0.204,0.082,0.358,1
1.152,2.716,39.33,2.358,1.682,1.71,47.038,1.812,1.308,1.806,0.468,-0.796,0.082,0.358,1
2.152,17.716,13.33,2.358,3.682,1.71,46.038,1.812,1.308,1.806,0.468,0.204,0.082,0.358,1
3.152,29.716,55.33,2.358,1.682,3.71,32.038,1.812,1.308,1.806,0.468,0.204,0.082,0.358,1
4.152,26.716,50.33,2.358,1.682,1.71,27.038,0.812,0.308,0.806,0.468,0.204,0.082,0.358,1
3.152,29.716,29.33,3.358,4.682,3.71,48.038,1.812,1.308,1.806,0.468,0.204,0.082,0.358,1
3.152,17.716,53.33,2.358,4.682,2.71,45.038,1.812,1.308,1.806,-0.532,0.204,0.082,0.358,1
4.152,11.716,29.33,3.358,1.682,2.71,14.038,0.812,1.308,0.806,0.468,0.204,0.082,-0.642,1
1.152,26.716,55.33,3.358,3.682,2.71,41.038,0.812,1.308,1.806,0.468,0.204,0.082,0.358,1
1.152,29.716,53.33,2.358,1.682,3.71,27.038,1.812,1.308,0.806,-0.532,0.204,0.082,0.358,1
1.152,29.716,34.33,2.358,1.682,1.71,19.038,1.812,1.308,0.806,0.468,0.204,0.082,0.358,1
1.152,17.716,27.33,3.358,1.682,0.71,9.038,1.812,1.308,0.806,-0.532,0.204,-0.918,0.358,1
1.152,31.716,51.33,2.358,3.682,3.71,36.038,1.812,1.308,1.806,-0.532,0.204,0.082,-0.642,1
1.152,35.716,30.33,2.358,2.682,2.71,45.038,1.812,1.308,1.806,-0.532,0.204,0.082,-0.642,1
1.152,29.716,46.33,2.358,3.682,0.71,45.038,0.812,1.308,1.806,0.468,0.204,0.082,0.358,1
1.152,35.716,53.33,3.358,4.682,2.71,44.038,0.812,1.308,1.806,0.468,0.204,0.082,0.358,1
3.152,35.716,61.33,2.358,1.682,2.71,33.038,1.812,1.308,1.806,0.468,0.204,0.082,0.358,1
4.152,29.716,44.33,2.358,3.682,3.71,32.038,0.812,0.308,1.806,-0.532,0.204,0.082,-0.642,1
1.152,17.716,49.33,2.358,2.682,2.71,31.038,0.812,1.308,1.806,0.468,0.204,0.082,0.358,1
3.152,23.716,52.33,1.358,3.682,3.71,39.038,1.812,1.308,1.806,0.468,0.204,0.082,0.358,1
2.152,35.716,52.33,4.358,1.682,1.71,43.038,0.812,0.308,0.806,-0.532,0.204,0.082,0.358,1
4.152,5.716,10.33,2.358,1.682,0.71,29.038,1.812,0.308,1.806,0.468,-0.796,0.082,0.358,1
2.152,32.716,54.33,4.358,1.682,3.71,22.038,1.812,1.308,1.806,0.468,0.204,0.082,0.358,1
2.152,26.716,41.33,2.358,3.682,1.71,35.038,1.812,1.308,0.806,0.468,-0.796,0.082,0.358,1
1.152,17.716,51.33,1.358,3.682,2.71,43.038,1.812,1.308,1.806,0.468,0.204,0.082,0.358,1
1.152,2.716,-20.67,2.358,3.682,1.71,26.038,1.812,1.308,0.806,0.468,-0.796,0.082,0.358,1
1.152,5.716,18.33,2.358,3.682,0.71,39.038,1.812,1.308,0.806,0.468,-0.796,0.082,0.358,1
2.152,26.716,38.33,2.358,1.682,2.71,45.038,1.812,1.308,0.806,0.468,0.204,0.082,-0.642,1
3.152,29.716,59.33,1.358,1.682,3.71,51.038,0.812,1.308,1.806,0.468,0.204,-0.918,-0.642,1
1.152,17.716,42.33,2.358,4.682,2.71,17.038,1.812,1.308,1.806,-0.532,0.204,0.082,0.358,1
4.152,35.716,59.33,3.358,2.682,2.71,34.038,0.812,1.308,1.806,-0.532,0.204,0.082,0.358,1
4.152,35.716,51.33,2.358,1.682,3.71,31.038,1.812,0.308,1.806,-0.532,0.204,0.082,0.358,1
4.152,35.716,53.33,2.358,3.682,2.71,28.038,1.812,1.308,0.806,-0.532,0.204,0.082,0.358,1
1.152,35.716,58.33,2.358,1.682,0.71,35.038,0.812,1.308,1.806,0.468,0.204,0.082,0.358,1
1.152,17.716,10.33,2.358,1.682,0.71,27.038,0.812,1.308,1.806,0.468,0.204,0.082,0.358,1
1.152,17.716,30.33,3.358,1.682,1.71,48.038,1.812,1.308,1.806,0.468,-0.796,0.082,0.358,1
3.152,23.716,54.33,3.358,1.682,3.71,45.038,1.812,0.308,1.806,0.468,0.204,0.082,0.358,1
3.152,15.716,-14.67,2.358,2.682,1.71,41.038,0.812,1.308,1.806,0.468,-0.796,0.082,0.358,1
1.152,26.716,50.33,3.358,2.682,1.71,40.038,1.812,1.308,1.806,0.468,0.204,0.082,0.358,1
1.152,37.716,50.33,2.358,4.682,3.71,29.038,0.812,0.308,1.806,0.468,0.204,0.082,0.358,1
4.152,35.716,58.33,2.358,1.682,3.71,30.038,1.812,0.308,0.806,-0.532,0.204,0.082,0.358,1
3.152,5.716,42.33,2.358,4.682,1.71,39.038,0.812,0.308,1.806,0.468,0.204,0.082,0.358,1
1.152,29.716,50.33,1.358,1.682,3.71,30.038,1.812,1.308,1.806,0.468,-0.796,0.082,-0.642,1
1.152,17.716,52.33,1.358,2.682,2.71,45.038,1.812,1.308,0.806,0.468,0.204,0.082,0.358,1
1.152,17.716,34.33,2.358,3.682,1.71,46.038,0.812,1.308,1.806,0.468,0.204,0.082,0.358,1
4.152,35.716,51.33,3.358,2.682,2.71,-3.962,1.812,1.308,0.806,-0.532,0.204,0.082,0.358,1
3.152,23.716,29.33,3.358,1.682,2.71,34.038,1.812,1.308,0.806,0.468,0.204,0.082,0.358,1
2.152,23.716,35.33,3.358,4.682,2.71,26.038,1.812,1.308,1.806,0.468,0.204,0.082,0.358,1
1.152,17.716,45.33,2.358,1.682,0.71,11.038,0.812,1.308,0.806,-0.532,0.204,0.082,0.358,1
1.152,29.716,52.33,2.358,1.682,3.71,10.038,0.812,1.308,1.806,-0.532,0.204,0.082,0.358,1
1.152,17.716,45.33,3.358,1.682,1.71,34.038,1.812,1.308,0.806,-0.532,0.204,0.082,0.358,1
1.152,17.716,49.33,2.358,4.682,1.71,39.038,1.812,0.308,1.806,0.468,0.204,0.082,0.358,1
1.152,-6.284,-23.67,2.358,4.682,0.71,36.038,0.812,1.308,0.806,0.468,-0.796,0.082,0.358,1
1.152,29.716,55.33,3.358,1.682,3.71,48.038,0.812,1.308,1.806,0.468,0.204,0.082,0.358,1
1.152,35.716,47.33,2.358,1.682,2.71,26.038,1.812,0.308,1.806,0.468,0.204,0.082,0.358,1
3.152,29.716,45.33,2.358,4.682,1.71,44.038,1.812,1.308,1.806,-0.532,0.204,0.082,0.358,1
